filename,Flour,Baking powder,Baking soda,Butter,Egg,Cinnamon,Cream,Milk,Pecan,Sugar,Salt,Oil,Walnut,Water
069_PNG_jpg.rf.01347c1d5377dfa5e127c60e4a871d7b.jpg,0,0,0,0,0,0,0,0,0,0,0,0,0,0
077_PNG_jpg.rf.0875cf3d368643b968c1fb7a90ca28f4.jpg,0,0,0,0,0,0,0,0,0,0,0,0,0,0
077_PNG_jpg.rf.0a3fb2cfdbae28df90ac8c8d3cec6d19.jpg,0,0,0,0,0,0,0,0,0,0,0,0,0,0
041_PNG_jpg.rf.0a643d5d4aa6c538dbf9d3fe7b222bf5.jpg,0,0,0,0,0,0,0,0,0,0,0,0,0,0
049_PNG_jpg.rf.0d48f4749cb916fb13153e3b50d43ca9.jpg,0,0,0,0,0,0,0,0,0,0,0,0,0,0
060_PNG_jpg.rf.0fc0e54fdc4ac561a0161b2e25d3cb6b.jpg,0,0,0,0,0,1,0,0,0,0,0,0,0,0
030_PNG_jpg.rf.11995ad4f0ffb79197282ffb17c7766e.jpg,0,0,0,0,0,0,0,0,0,0,0,0,0,0
041_PNG_jpg.rf.12d5ef221f73e7d4ff50bffaaf0aa4ac.jpg,0,0,0,0,0,0,0,0,0,0,0,0,0,0
077_PNG_jpg.rf.134903fa6a89c82647d962c544f8c4a0.jpg,0,0,0,0,0,0,0,0,0,0,0,0,0,0
033_PNG_jpg.rf.f8935fa356c17cec48a18ac92e4be253.jpg,0,0,0,0,0,0,0,0,0,0,0,0,0,0
033_PNG_jpg.rf.fbb73b6c6163448aecf36281ea07ce87.jpg,0,0,0,0,0,0,0,0,0,0,0,0,0,0
ea4733e064f9e87806c62aa48e5378f81_jpg.rf.fe1dbd863f06a684ce85834c707b65b2.jpg,0,0,0,0,0,0,0,0,0,0,0,0,0,0
030_PNG_jpg.rf.13eb660aede0d5b192663dfdfacd4ecb.jpg,0,0,0,0,0,0,0,0,0,0,0,0,0,0
041_PNG_jpg.rf.187c7614be07d8225567d84004e9527c.jpg,0,0,0,0,0,0,0,0,0,0,0,0,0,0
041_PNG_jpg.rf.1bedfa3295c91d28c69c37484c1be436.jpg,0,0,0,0,0,0,0,0,0,0,0,0,0,0
077_PNG_jpg.rf.2014939865424737aa1ff870b41fe2bf.jpg,0,0,0,0,0,0,0,0,0,0,0,0,0,0
ea4733e064f9e87806c62aa48e5378f81_jpg.rf.23121d4b34f5723874108bc688783a28.jpg,0,0,0,0,0,0,0,0,0,0,0,0,0,0
060_PNG_jpg.rf.24f7c8479b06165b8b5608c77098526a.jpg,0,0,0,0,0,0,0,0,0,0,0,0,0,0
069_PNG_jpg.rf.288d6d282522586baff0b6e24bcf6487.jpg,0,0,0,0,0,0,0,0,0,0,0,0,0,0
077_PNG_jpg.rf.28a8365e54dedc1b24512fc1d773ae12.jpg,0,0,0,0,0,0,0,0,0,0,0,0,0,0
041_PNG_jpg.rf.2dd19854bbf2b8147e9fb09ba71da8d6.jpg,0,0,0,0,0,0,0,0,0,0,0,0,0,0
049_PNG_jpg.rf.30270f82b418aedd4f69941ea1831648.jpg,0,0,0,0,0,0,0,0,0,0,0,0,0,0
033_PNG_jpg.rf.341951f0c6226e2dc04e76d5d7723050.jpg,0,0,0,0,0,0,0,0,0,0,0,0,0,0
041_PNG_jpg.rf.357b51d0eca4571327b6194939464d0c.jpg,0,0,0,0,0,0,0,0,0,0,0,0,0,0
ea4733e064f9e87806c62aa48e5378f81_jpg.rf.aa861fa1dcf6bb7dce3e08a6fa881aab.jpg,0,0,0,0,0,0,0,0,0,0,0,0,0,0
030_PNG_jpg.rf.b53471e2d90a5716064bf40f3a110c4f.jpg,0,0,0,0,0,0,0,0,0,0,0,0,0,0
030_PNG_jpg.rf.b74297fd14a7d88e6dfb983e7e32678a.jpg,0,0,0,0,0,0,0,0,0,0,0,0,0,0
077_PNG_jpg.rf.bfda23a06e9d1fdd13d98bc119ad3e96.jpg,0,0,0,0,0,0,0,0,0,0,0,0,0,0
069_PNG_jpg.rf.c14621e740ce5268b43442a8ac111293.jpg,0,0,0,0,0,0,0,0,0,0,0,0,0,0
049_PNG_jpg.rf.c568bcebf359d7f874149e6ed374c1f0.jpg,0,0,0,0,0,0,0,0,0,0,0,0,0,0
094_PNG_jpg.rf.c5d69b1bcc692b965edbe9565ebf99f7.jpg,0,0,0,0,0,0,0,0,0,0,0,0,0,0
049_PNG_jpg.rf.c71e583be20b208c680fb44855e8005b.jpg,0,0,0,0,0,0,0,0,0,0,0,0,0,0
033_PNG_jpg.rf.c910034971ebbe2ca7e884e4e52fc24f.jpg,0,0,0,0,0,0,0,0,0,0,0,0,0,0
060_PNG_jpg.rf.ca0cddbb9d7b97e4d2fb1ce4b27b935d.jpg,0,0,0,0,0,0,0,0,0,0,0,0,0,0
033_PNG_jpg.rf.cde1e9b76e73e430350a946a6f386912.jpg,0,0,0,0,0,0,0,0,0,0,0,0,0,0
060_PNG_jpg.rf.61ce9e04b7668ddefb65204ae01d3d50.jpg,0,0,0,0,0,0,0,0,0,0,0,0,0,0
094_PNG_jpg.rf.61f7e0eb05d8a7d8dda82fc476ce7180.jpg,0,0,0,0,0,0,0,0,0,0,0,0,0,0
049_PNG_jpg.rf.62424048f0e5d6a0bf654275d93b4c33.jpg,0,0,0,0,0,0,0,0,0,0,0,0,0,0
060_PNG_jpg.rf.635dc10191a95c77c826c53c253825c1.jpg,0,0,0,0,0,0,0,0,0,0,0,0,0,0
041_PNG_jpg.rf.647bc2aa7bf4984d3e1cdd30b4be870d.jpg,0,0,0,0,0,0,0,0,0,0,0,0,0,0
041_PNG_jpg.rf.6a3ce4cb9828844458cde06084253f37.jpg,0,0,0,0,0,0,0,0,0,0,0,0,0,0
069_PNG_jpg.rf.6a992cb100a00d0574422d608a64f5dd.jpg,0,0,0,0,0,0,0,0,0,0,0,0,0,0
094_PNG_jpg.rf.6c42dafcfdfb92bfb9a818770d8ad6cd.jpg,0,0,0,0,0,0,0,0,0,0,0,0,0,0
030_PNG_jpg.rf.75497b93c319592a71b18438ecb4eef6.jpg,0,0,0,0,0,0,0,0,0,0,0,0,0,0
033_PNG_jpg.rf.7583cafcff84b17e4338a206ce2f4b68.jpg,0,0,0,0,0,0,0,0,0,0,0,0,0,0
081_PNG_jpg.rf.80eafd4ded228a098314c861cbefc117.jpg,0,0,0,0,0,0,0,0,0,0,0,0,0,0
030_PNG_jpg.rf.8223d70e59b56eabaa2c5adc8f8a8abd.jpg,0,0,0,0,0,0,0,0,0,0,0,0,0,0
ea4733e064f9e87806c62aa48e5378f81_jpg.rf.82cf932755fb62e7a8c5727e78449427.jpg,0,0,0,0,0,0,0,0,0,0,0,0,0,0
030_PNG_jpg.rf.83157a813ed0342d73717812b0b73ebe.jpg,0,0,0,0,0,0,0,0,0,0,0,0,0,0
049_PNG_jpg.rf.836b4080fb6f539039ecfa9c75a37653.jpg,0,0,0,0,0,0,0,0,0,0,0,0,0,0
081_PNG_jpg.rf.83deff563f9799a7dcc43003e48360ef.jpg,0,0,0,0,0,0,0,0,0,0,0,0,0,0
049_PNG_jpg.rf.87aec74becf6af4e918c52d6cbf47f5c.jpg,0,0,0,0,0,0,0,0,0,0,0,0,0,0
060_PNG_jpg.rf.890e15f761c772504d192a8262ea6236.jpg,0,0,0,0,0,0,0,0,0,0,0,0,0,0
069_PNG_jpg.rf.91c9538b16abbfc7a3852c409efee13a.jpg,0,0,0,0,0,0,0,0,0,0,0,0,0,0
081_PNG_jpg.rf.93c7e9fe2d030efdcbfd16cc97673f91.jpg,0,0,0,0,0,0,0,0,0,0,0,0,0,0
077_PNG_jpg.rf.94807dfaabaf96a9fe260e9f55c9bab1.jpg,0,0,0,0,0,0,0,0,0,0,0,0,0,0
ea4733e064f9e87806c62aa48e5378f81_jpg.rf.96c291727b60e2da90a7d52e13e15754.jpg,0,0,0,0,0,0,0,0,0,0,0,0,0,0
041_PNG_jpg.rf.9a2681863494f4950a5e192233a4b394.jpg,0,0,0,0,0,0,0,0,0,0,0,0,0,0
069_PNG_jpg.rf.9bfbbcb92fbb7223b0964d23109f5182.jpg,0,0,0,0,0,0,0,0,0,0,0,0,0,0
049_PNG_jpg.rf.9c2783f1c39813b1f5c69df677f0045c.jpg,0,0,0,0,0,0,0,0,0,0,0,0,0,0
094_PNG_jpg.rf.9c8fd335fd1f0efdd8ca552e9086e4a1.jpg,0,0,0,0,0,0,0,0,0,0,0,0,0,0
060_PNG_jpg.rf.9dc7d1a7f293a4395d073c49c37b0415.jpg,0,0,0,0,0,0,0,0,0,0,0,0,0,0
081_PNG_jpg.rf.a0219608dd8ce2a29ce24789d5f36262.jpg,0,0,0,0,0,0,0,0,0,0,0,0,0,0
033_PNG_jpg.rf.a02f6079e77b08655b2b5764ab217958.jpg,0,0,0,0,0,0,0,0,0,0,0,0,0,0
094_PNG_jpg.rf.a1ede67a3f2fbf7dcddc4f0eaa6ca163.jpg,0,0,0,0,0,0,0,0,0,0,0,0,0,0
094_PNG_jpg.rf.a65bb83a238b45b118335fd01404e1fe.jpg,0,0,0,0,0,0,0,0,0,0,0,0,0,0
081_PNG_jpg.rf.a88ea4fd0877b8da552178208bbaff1b.jpg,0,0,0,0,0,0,0,0,0,0,0,0,0,0
081_PNG_jpg.rf.d0125efd2723fce8572817dee8e65d06.jpg,0,0,0,0,0,0,0,0,0,0,0,0,0,0
081_PNG_jpg.rf.d4a4dec7c107e4e9acfbf3507b421df1.jpg,0,0,0,0,0,0,0,0,0,0,0,0,0,0
094_PNG_jpg.rf.daed4c4e074f8b90a306c11f680ca928.jpg,0,0,0,0,0,0,0,0,0,0,0,0,0,0
ea4733e064f9e87806c62aa48e5378f81_jpg.rf.dbbb9a1258a9ea7bf2fb9a3211e439a8.jpg,0,0,0,0,0,0,0,0,0,0,0,0,0,0
033_PNG_jpg.rf.dcaaf130eed22e0327f4bb01d83c4f3f.jpg,0,0,0,0,0,0,0,0,0,0,0,0,0,0
ea4733e064f9e87806c62aa48e5378f81_jpg.rf.e513fad2207fe88348c8fd14c63d0800.jpg,0,0,0,0,0,0,0,0,0,0,0,0,0,0
ea4733e064f9e87806c62aa48e5378f81_jpg.rf.e5445e1955965263071c97d13b1b8af2.jpg,0,0,0,0,0,0,0,0,0,0,0,0,0,0
094_PNG_jpg.rf.e8c459a11153427f22368c43ba92fa37.jpg,0,0,0,0,0,0,0,0,0,0,0,0,0,0
033_PNG_jpg.rf.e8d46ae48f9f961c5d370828046d1372.jpg,0,0,0,0,0,0,0,0,0,0,0,0,0,0
030_PNG_jpg.rf.3d6f01de9eaa66a4c0d51c4f7c5fb65a.jpg,0,0,0,0,0,0,0,0,0,0,0,0,0,0
077_PNG_jpg.rf.41f2a491c785b9a8ca5349db0f31304f.jpg,0,0,0,0,0,0,0,0,0,0,0,0,0,0
ea4733e064f9e87806c62aa48e5378f81_jpg.rf.429b0a0a2142954b5bb482e72c25d9f8.jpg,0,0,0,0,0,0,0,0,0,0,0,0,0,0
081_PNG_jpg.rf.438bb13caa83dc46d5097923f5b7ffb4.jpg,0,0,0,0,0,0,0,0,0,0,0,0,0,0
081_PNG_jpg.rf.45c7c3a4fb3790a78aebc1b48539c3b3.jpg,0,0,0,0,0,0,0,0,0,0,0,0,0,0
049_PNG_jpg.rf.4679c8a4c07f3d814c193a5d83b0665a.jpg,0,0,0,0,0,0,0,0,0,0,0,0,0,0
060_PNG_jpg.rf.4aed95d930dc1703b9268e53abaffb43.jpg,0,0,0,0,0,1,0,0,0,0,0,0,0,0
069_PNG_jpg.rf.4bb90b52a9ce5e7214148b0d11dc5049.jpg,0,0,0,0,0,0,0,0,0,0,0,0,0,0
094_PNG_jpg.rf.4c5cbf80eeb0126279c4828e8dde7f5b.jpg,0,0,0,0,0,0,0,0,0,0,0,0,0,0
069_PNG_jpg.rf.4fd7ef8494347af131a0580232e66107.jpg,0,0,0,0,0,0,0,0,0,0,0,0,0,0
030_PNG_jpg.rf.5138350f3f8633571444b965103cbd58.jpg,0,0,0,0,0,0,0,0,0,0,0,0,0,0
069_PNG_jpg.rf.589c5063308f149030858352888bce6c.jpg,0,0,0,0,0,0,0,0,0,0,0,0,0,0
060_PNG_jpg.rf.59bd606386bc6ff1c2447ee2112731ca.jpg,0,0,0,0,0,1,0,0,0,0,0,0,0,0
077_PNG_jpg.rf.5beef13f27aae2184a80df41625dd822.jpg,0,0,0,0,0,0,0,0,0,0,0,0,0,0
download-3-_jpg.rf.0068105cf7cff77c4b15a1f508477e72.jpg,0,0,0,0,0,1,0,0,0,0,0,0,0,0
download-6-_jpg.rf.03c226f239df9a300c6d4d21f63d486c.jpg,0,0,0,0,0,1,0,0,0,0,0,0,0,0
images_jpg.rf.041ae94856aa09dfb04b933ae179d40f.jpg,0,0,0,0,0,1,0,0,0,0,0,0,0,0
images-6-_jpg.rf.05dea1c500a296cedaed5aeb40da8d3c.jpg,0,0,0,0,0,1,0,0,0,0,0,0,0,0
images-8-_jpg.rf.05c7fdf9fe1336400688825539d29b78.jpg,0,0,0,0,0,1,0,0,0,0,0,0,0,0
images-9-_jpg.rf.0b641befa2124840ec51f00eef18f528.jpg,0,0,0,0,0,1,0,0,0,0,0,0,0,0
download-11-_jpg.rf.0dabf28bdecb67ec708df4d84e56d3e4.jpg,0,0,0,0,0,1,0,0,0,0,0,0,0,0
download-10-_jpg.rf.0dc8f2a413e21f7f8e12c897f29216d9.jpg,0,0,0,0,0,1,0,0,0,0,0,0,0,0
download-8-_jpg.rf.0db3faedc7409c2e10e099e8b0c56288.jpg,0,0,0,0,0,1,0,0,0,0,0,0,0,0
images-7-_jpg.rf.12377ee8fdb2b5f37d2ace47d5b702f1.jpg,0,0,0,0,0,1,0,0,0,0,0,0,0,0
images-6-_jpg.rf.f99419dd9a4815a597f66bc0a0851b65.jpg,0,0,0,0,0,1,0,0,0,0,0,0,0,0
images-9-_jpg.rf.fa5f69d293e9b9fa1e73259b58cb322d.jpg,0,0,0,0,0,1,0,0,0,0,0,0,0,0
images-2-_jpg.rf.ffbcccb8bcc6289e06bb7baf435c8819.jpg,0,0,0,0,0,1,0,0,0,0,0,0,0,0
download-9-_jpg.rf.1426fb8a4854e1995af60487ab9d062a.jpg,0,0,0,0,0,1,0,0,0,0,0,0,0,0
download-14-_jpg.rf.149494b85640b642cd79ff5c2996d49b.jpg,0,0,0,0,0,1,0,0,0,0,0,0,0,0
images-11-_jpg.rf.1643cc2efbccee282362761cd2cbb5cb.jpg,0,0,0,0,0,1,0,0,0,0,0,0,0,0
images-5-_jpg.rf.17707efbf6205c9d364f588a3f080ae8.jpg,0,0,0,0,0,1,0,0,0,0,0,0,0,0
download-5-_jpg.rf.1ada6658044c49550c035ed05dfc4320.jpg,0,0,0,0,0,1,0,0,0,0,0,0,0,0
download-11-_jpg.rf.1b05496679148f8cff24721396846e3b.jpg,0,0,0,0,0,1,0,0,0,0,0,0,0,0
download_jpg.rf.2323e220313a23c429288da447544d5b.jpg,0,0,0,0,0,1,0,0,0,0,0,0,0,0
images-10-_jpg.rf.26decc8f2bb6d2162e3305ea7670c489.jpg,0,0,0,0,0,1,0,0,0,0,0,0,0,0
download-12-_jpg.rf.2c8691e0be1ed9ad9405e4223354e57a.jpg,0,0,0,0,0,1,0,0,0,0,0,0,0,0
images-10-_jpg.rf.2d93471777d2da28654e2d10c6ec0978.jpg,0,0,0,0,0,1,0,0,0,0,0,0,0,0
images-8-_jpg.rf.2fecb5605dc49efa3a151ff2344e5372.jpg,0,0,0,0,0,1,0,0,0,0,0,0,0,0
download-14-_jpg.rf.3033abbc3bcf93a6f52475abe1eebe3e.jpg,0,0,0,0,0,1,0,0,0,0,0,0,0,0
images-5-_jpg.rf.306ba6d2554788ce6330d1f4a2cd5a9b.jpg,0,0,0,0,0,1,0,0,0,0,0,0,0,0
download-13-_jpg.rf.34a17033ea10403806db8c37ac679fa2.jpg,0,0,0,0,0,1,0,0,0,0,0,0,0,0
images-6-_jpg.rf.35b262b6964812ca91aa4fc8418744ac.jpg,0,0,0,0,0,1,0,0,0,0,0,0,0,0
download-13-_jpg.rf.370ecbff2889a50fa9a8f3e24049d95c.jpg,0,0,0,0,0,1,0,0,0,0,0,0,0,0
download-11-_jpg.rf.ab14de5e4bdf975f9965ef677ce12ea2.jpg,0,0,0,0,0,1,0,0,0,0,0,0,0,0
images-11-_jpg.rf.ad5d8311d3c71bc7669b3cd5ce2acfa8.jpg,0,0,0,0,0,1,0,0,0,0,0,0,0,0
images-9-_jpg.rf.ae1fdf509d6221efc640170b85773ccf.jpg,0,0,0,0,0,1,0,0,0,0,0,0,0,0
download-9-_jpg.rf.aefea203e26ea0d0bc61a513058e1c95.jpg,0,0,0,0,0,1,0,0,0,0,0,0,0,0
images-8-_jpg.rf.b1daa2bb221395a9228c21609711ed20.jpg,0,0,0,0,0,1,0,0,0,0,0,0,0,0
download-3-_jpg.rf.b2fdc9f8d7e1652ba75bb11c8b98ffdd.jpg,0,0,0,0,0,1,0,0,0,0,0,0,0,0
download-9-_jpg.rf.b53447068d7baebc813a015e2b1d4051.jpg,0,0,0,0,0,1,0,0,0,0,0,0,0,0
images-10-_jpg.rf.b829fc7f01bd9a27c6b80d1b37ff05b9.jpg,0,0,0,0,0,1,0,0,0,0,0,0,0,0
download-10-_jpg.rf.b9a6207dda04c89771e6312333da5e6c.jpg,0,0,0,0,0,1,0,0,0,0,0,0,0,0
images_jpg.rf.be613b068331f06ecffaaefa5fb6b37e.jpg,0,0,0,0,0,1,0,0,0,0,0,0,0,0
download-12-_jpg.rf.beaf722bf08a29180613de2d2d34444d.jpg,0,0,0,0,0,1,0,0,0,0,0,0,0,0
download-14-_jpg.rf.c04b7fbf7f23e520f54b2cc3008de561.jpg,0,0,0,0,0,1,0,0,0,0,0,0,0,0
images-9-_jpg.rf.c0905f4991c2313a00a7fd4116a6fe71.jpg,0,0,0,0,0,1,0,0,0,0,0,0,0,0
images-11-_jpg.rf.c183717df0ba478b580a9f88388df26a.jpg,0,0,0,0,0,1,0,0,0,0,0,0,0,0
images-9-_jpg.rf.c32e2aa3169cee54fbe3577484f009cc.jpg,0,0,0,0,0,1,0,0,0,0,0,0,0,0
download-9-_jpg.rf.ca03f0f494b6e9c17bcad68c098b789c.jpg,0,0,0,0,0,1,0,0,0,0,0,0,0,0
download-5-_jpg.rf.680ed49bd90e2a8c06d625baa5580cf5.jpg,0,0,0,0,0,1,0,0,0,0,0,0,0,0
images-10-_jpg.rf.698c13119e728aba5407c5401fb3bb74.jpg,0,0,0,0,0,1,0,0,0,0,0,0,0,0
images-2-_jpg.rf.6afdee114edc14667e11281af4151b39.jpg,0,0,0,0,0,1,0,0,0,0,0,0,0,0
download-9-_jpg.rf.6bfac7396584116e16484f6ad7304bd1.jpg,0,0,0,0,0,1,0,0,0,0,0,0,0,0
download-8-_jpg.rf.6d7330330ea2416ad832674179149ee8.jpg,0,0,0,0,0,1,0,0,0,0,0,0,0,0
images-10-_jpg.rf.70784ab42ac9df51b7b6d527fdccd867.jpg,0,0,0,0,0,1,0,0,0,0,0,0,0,0
download-12-_jpg.rf.710e167f1a1f875f9e0f8d398e521e12.jpg,0,0,0,0,0,1,0,0,0,0,0,0,0,0
download-12-_jpg.rf.718642341aedb77283ec9b93f55318bb.jpg,0,0,0,0,0,1,0,0,0,0,0,0,0,0
download-9-_jpg.rf.7299f5d8c81b98fcdc93b20a307d8f41.jpg,0,0,0,0,0,1,0,0,0,0,0,0,0,0
download-14-_jpg.rf.7429b0cf4bd61426cdce71cc79c89b51.jpg,0,0,0,0,0,1,0,0,0,0,0,0,0,0
download-5-_jpg.rf.74a9e1accb7eaa2f8434ea1cc9a7615e.jpg,0,0,0,0,0,1,0,0,0,0,0,0,0,0
images-10-_jpg.rf.75c8ed6a6e02bea440debbb8b4c881f6.jpg,0,0,0,0,0,1,0,0,0,0,0,0,0,0
download-11-_jpg.rf.75d6b1d9304e2953704f3348cb37b2e8.jpg,0,0,0,0,0,1,0,0,0,0,0,0,0,0
download-10-_jpg.rf.75fff64107fa55647ad270b60972a471.jpg,0,0,0,0,0,1,0,0,0,0,0,0,0,0
download-10-_jpg.rf.77529d4ec860f102e1660a53fdb23b58.jpg,0,0,0,0,0,1,0,0,0,0,0,0,0,0
download-9-_jpg.rf.789042d55870775921ed107c713f726d.jpg,0,0,0,0,0,1,0,0,0,0,0,0,0,0
download_jpg.rf.78e36546256d4ee178e1927311db50a8.jpg,0,0,0,0,0,1,0,0,0,0,0,0,0,0
download-10-_jpg.rf.7af96382182f26dd0dc0a82db0cef124.jpg,0,0,0,0,0,1,0,0,0,0,0,0,0,0
download-6-_jpg.rf.7b1007f89ef753b3322cbce79dde350e.jpg,0,0,0,0,0,1,0,0,0,0,0,0,0,0
download-3-_jpg.rf.7d68cc7cbf5a607fc87a5c985b245f5e.jpg,0,0,0,0,0,1,0,0,0,0,0,0,0,0
download-5-_jpg.rf.7e7dd13015945c7828aadbd14393bc6d.jpg,0,0,0,0,0,1,0,0,0,0,0,0,0,0
download-8-_jpg.rf.7fb343dca41b6a19c6b2e48e6c0db446.jpg,0,0,0,0,0,1,0,0,0,0,0,0,0,0
images-2-_jpg.rf.80af0ecb7e469f50611444826c526173.jpg,0,0,0,0,0,1,0,0,0,0,0,0,0,0
images-7-_jpg.rf.84c6975f66cd664b96c32716557949c4.jpg,0,0,0,0,0,1,0,0,0,0,0,0,0,0
images-9-_jpg.rf.8610c570a8e683b719f060731ab00cff.jpg,0,0,0,0,0,1,0,0,0,0,0,0,0,0
images-7-_jpg.rf.85ecab5a309374d7d9900e799d01618e.jpg,0,0,0,0,0,1,0,0,0,0,0,0,0,0
images-8-_jpg.rf.8668db5f8367c2980abea5407cda881c.jpg,0,0,0,0,0,1,0,0,0,0,0,0,0,0
download-10-_jpg.rf.874681b684f78be1d48bee47b6f8c584.jpg,0,0,0,0,0,1,0,0,0,0,0,0,0,0
download-6-_jpg.rf.8a7d915dd9e4c8db3eed964eb9f47062.jpg,0,0,0,0,0,1,0,0,0,0,0,0,0,0
download-5-_jpg.rf.8dc4f7b9317b9657b92aa56788a3ffce.jpg,0,0,0,0,0,1,0,0,0,0,0,0,0,0
download-11-_jpg.rf.8f31ac79c390db742258876c3079256d.jpg,0,0,0,0,0,1,0,0,0,0,0,0,0,0
download_jpg.rf.8f35ed5fb14285813f80e993e5699e41.jpg,0,0,0,0,0,1,0,0,0,0,0,0,0,0
images-10-_jpg.rf.906e79bed2fd6e45d5d9f8b3d8a69746.jpg,0,0,0,0,0,1,0,0,0,0,0,0,0,0
images-8-_jpg.rf.908bf29d5242fb2533fcfb85fe91ba0e.jpg,0,0,0,0,0,1,0,0,0,0,0,0,0,0
download-14-_jpg.rf.934a6dc39bacdb253ca8cc544a4f9e99.jpg,0,0,0,0,0,1,0,0,0,0,0,0,0,0
download-12-_jpg.rf.936b858f2ad822e5f52c48f26094c587.jpg,0,0,0,0,0,1,0,0,0,0,0,0,0,0
download_jpg.rf.9431bbdc1c5d72eb86f57d9993b52410.jpg,0,0,0,0,0,1,0,0,0,0,0,0,0,0
download-12-_jpg.rf.9538b52815503757349d735b12673dcf.jpg,0,0,0,0,0,1,0,0,0,0,0,0,0,0
images-8-_jpg.rf.957e6b54a10eab4075191f683f0cf96f.jpg,0,0,0,0,0,1,0,0,0,0,0,0,0,0
download_jpg.rf.9ace4078c2028da7c716de5666b8bb01.jpg,0,0,0,0,0,1,0,0,0,0,0,0,0,0
download-3-_jpg.rf.9bb60f614b32b273ac8cfc8ae091a2a3.jpg,0,0,0,0,0,1,0,0,0,0,0,0,0,0
download-12-_jpg.rf.a120fafc9e2a81b077478f07eb898a1b.jpg,0,0,0,0,0,1,0,0,0,0,0,0,0,0
download_jpg.rf.a5a8016fec6f2c8c06abeb4e25906d16.jpg,0,0,0,0,0,1,0,0,0,0,0,0,0,0
images-10-_jpg.rf.a63d4fc207077b650f5baf1667f94814.jpg,0,0,0,0,0,1,0,0,0,0,0,0,0,0
images-5-_jpg.rf.a63b7d4bc7c9d9f60f7f1908b5100fbe.jpg,0,0,0,0,0,1,0,0,0,0,0,0,0,0
images-3-_jpg.rf.a652180fb18b0f34d29dc7c248cb1429.jpg,0,0,0,0,0,1,0,0,0,0,0,0,0,0
images-6-_jpg.rf.a7046755f5299b199ba039d607da8033.jpg,0,0,0,0,0,1,0,0,0,0,0,0,0,0
images-9-_jpg.rf.a72b669e8341c59fa2af717413eee97f.jpg,0,0,0,0,0,1,0,0,0,0,0,0,0,0
images-2-_jpg.rf.d1b6f19b7ead16e062ad5c924c309341.jpg,0,0,0,0,0,1,0,0,0,0,0,0,0,0
images-3-_jpg.rf.d8d1a038bf2acba7881bdf5e9f3e60c9.jpg,0,0,0,0,0,1,0,0,0,0,0,0,0,0
download-3-_jpg.rf.da4928adc154a888e2e51f0c372efe92.jpg,0,0,0,0,0,1,0,0,0,0,0,0,0,0
images-6-_jpg.rf.daa8699cbf856ca7bf0db5101a802b87.jpg,0,0,0,0,0,1,0,0,0,0,0,0,0,0
download-11-_jpg.rf.df19e4763d302d3ea480022551ec675f.jpg,0,0,0,0,0,1,0,0,0,0,0,0,0,0
download-14-_jpg.rf.df84a4b049449b952052db1bb60a2142.jpg,0,0,0,0,0,1,0,0,0,0,0,0,0,0
download-9-_jpg.rf.dfae6e90eacc47f8f1655ac5ee5e3d82.jpg,0,0,0,0,0,1,0,0,0,0,0,0,0,0
images-10-_jpg.rf.e1fdbff33a94a3d9615ffb46c5459a6c.jpg,0,0,0,0,0,1,0,0,0,0,0,0,0,0
download-11-_jpg.rf.e4cd8b62b8c1f758860bbfcab8630e4f.jpg,0,0,0,0,0,1,0,0,0,0,0,0,0,0
images-1-_jpg.rf.ebb6c48a68a73a70f258029845edb24c.jpg,0,0,0,0,0,1,0,0,0,0,0,0,0,0
download-9-_jpg.rf.eccaab03585356b5770c28c42374d95b.jpg,0,0,0,0,0,1,0,0,0,0,0,0,0,0
download-12-_jpg.rf.ecd904abdeaa3da2b7757d6234f41302.jpg,0,0,0,0,0,1,0,0,0,0,0,0,0,0
download-6-_jpg.rf.ee29b30b69f3256fca4586edb24eafd5.jpg,0,0,0,0,0,1,0,0,0,0,0,0,0,0
images-1-_jpg.rf.ef48e9f5ef336e51ccc30ab380839815.jpg,0,0,0,0,0,1,0,0,0,0,0,0,0,0
download-6-_jpg.rf.efa0c15a4e18501513c818a076c00a06.jpg,0,0,0,0,0,1,0,0,0,0,0,0,0,0
download-12-_jpg.rf.f2169d58ded73324b6063e2372a0191a.jpg,0,0,0,0,0,1,0,0,0,0,0,0,0,0
images-3-_jpg.rf.f24e889a1b19dd44e9117ac507736763.jpg,0,0,0,0,0,1,0,0,0,0,0,0,0,0
download_jpg.rf.f2f380c3427b9f64d30a0d7d380be94f.jpg,0,0,0,0,0,1,0,0,0,0,0,0,0,0
images_jpg.rf.f3708a95cd6911bf86d67f5280f26a70.jpg,0,0,0,0,0,1,0,0,0,0,0,0,0,0
images-9-_jpg.rf.3e844f4d13e5026c4978cc5b6ea52636.jpg,0,0,0,0,0,1,0,0,0,0,0,0,0,0
download-3-_jpg.rf.40525a316a9fa1d7a6649f7d461c2804.jpg,0,0,0,0,0,1,0,0,0,0,0,0,0,0
images-1-_jpg.rf.48fe97fb565545061ccc8c27ed346ca0.jpg,0,0,0,0,0,1,0,0,0,0,0,0,0,0
images-2-_jpg.rf.49c700abc42d4fe9a5b375e09b42034e.jpg,0,0,0,0,0,1,0,0,0,0,0,0,0,0
download-11-_jpg.rf.4b0282ef56ad0fe292528c459a1ed428.jpg,0,0,0,0,0,1,0,0,0,0,0,0,0,0
images-2-_jpg.rf.4e5255d1b8c52ff7d68411ee96b31bae.jpg,0,0,0,0,0,1,0,0,0,0,0,0,0,0
download_jpg.rf.51ca385b795eb56964583b76df24a61c.jpg,0,0,0,0,0,1,0,0,0,0,0,0,0,0
download-13-_jpg.rf.5331768b4a9b9a95640fa1e768e05e18.jpg,0,0,0,0,0,1,0,0,0,0,0,0,0,0
download_jpg.rf.54d15e7edef4315c0700f2f288bf994a.jpg,0,0,0,0,0,1,0,0,0,0,0,0,0,0
download-5-_jpg.rf.58ee647d014868795d286154718e9f56.jpg,0,0,0,0,0,1,0,0,0,0,0,0,0,0
images-9-_jpg.rf.5901d29e501ff005be6358d0def44fb2.jpg,0,0,0,0,0,1,0,0,0,0,0,0,0,0
download-6-_jpg.rf.5972bc9ca09680b27e0fb842707f4b03.jpg,0,0,0,0,0,1,0,0,0,0,0,0,0,0
images-6-_jpg.rf.5a00e87597ada9d39532453ad6697ba7.jpg,0,0,0,0,0,1,0,0,0,0,0,0,0,0
download-11-_jpg.rf.5ea425d551c834d521a4d012d0821c05.jpg,0,0,0,0,0,1,0,0,0,0,0,0,0,0
032_PNG_jpg.rf.003189ddf71f5643feaf7a379410c11c.jpg,0,0,0,0,0,0,0,0,0,0,0,0,0,0
082_PNG_jpg.rf.02cab3b4804b5ab4989c9f56ea8efc1c.jpg,0,0,0,0,0,0,0,0,0,0,0,0,0,0
079_PNG_jpg.rf.031729bad10c25ced79dcc4a8891a470.jpg,0,0,0,0,0,0,0,0,0,0,0,0,0,0
057_PNG_jpg.rf.032ca9e126993a868c6c25cfb195cc83.jpg,0,0,0,0,0,0,0,0,0,0,0,0,0,0
005_jpg.rf.033fe110fa173cb6072694e5b75ef537.jpg,0,0,0,0,0,0,0,0,0,0,0,0,0,0
images_jpg.rf.038fa76ebf63d55293ecf0f6cb2fef3b.jpg,0,0,0,0,0,0,0,0,0,0,0,0,0,0
046_PNG_jpg.rf.039a0ec15aa71c1418df4007f008fb22.jpg,0,0,0,0,0,0,0,0,0,0,0,0,0,0
007_jpg.rf.03fd06034444da53cb8fbeb1d6ca99d2.jpg,0,0,0,0,0,0,0,0,0,0,0,0,0,0
032_PNG_jpg.rf.071870af919966275337febc7cc3d744.jpg,0,0,0,0,0,0,0,0,0,0,0,0,0,0
051_PNG_jpg.rf.0788364180d9c37fdc47d5117272c849.jpg,0,0,0,0,0,0,0,0,0,0,0,0,0,0
carton_of_eggs-84d8eef_jpg.rf.0b83e694dfbc10341c14fca8ad26e440.jpg,0,0,0,0,0,0,0,0,0,0,0,0,0,0
007_jpg.rf.0c77c8f0c9fbdcb5df6e43fa6a1d6aa6.jpg,0,0,0,0,0,0,0,0,0,0,0,0,0,0
when-can-babies-eat-eggs_jpg.rf.0cb5b1df8c94ff9352a8d1311534a56e.jpg,0,0,0,0,0,0,0,0,0,0,0,0,0,0
057_PNG_jpg.rf.0cbf4b12b81fac7af4d57b2803a8dcbc.jpg,0,0,0,0,0,0,0,0,0,0,0,0,0,0
cropped-Health-Benefits-of-Eggs_jpg.rf.0c9d1b7415e48f0469b5de0d89f6faa8.jpg,0,0,0,0,0,0,0,0,0,0,0,0,0,0
026_PNG_jpg.rf.0e0e588fb2f7fabbb9c396b991e93c25.jpg,0,0,0,0,0,0,0,0,0,0,0,0,0,0
chicken-poultry-egg-500x500_jpg.rf.0ecd9b8aed0ce5643d91753e39a61912.jpg  ,0,0,0,0,0,0,0,0,0,0,0,0,0,0
083_PNG_jpg.rf.0f39fb36ec8d6b7c445fd6f209196ab2.jpg,0,0,0,0,0,0,0,0,0,0,0,0,0,0
are_eggs_dairy_overhead_1296x728_header-_jpg.rf.10a331572087cc53f346e333b32e5249.jpg,0,0,0,0,0,0,0,0,0,0,0,0,0,0
083_PNG_jpg.rf.114ef7749b4615d530ebf0f576a850f8.jpg,0,0,0,0,0,0,0,0,0,0,0,0,0,0
083_PNG_jpg.rf.124dc6d309c187b6e2ef4aa951c30884.jpg,0,0,0,0,0,0,0,0,0,0,0,0,0,0
051_PNG_jpg.rf.12d8aa267c8fb39dade3853403703693.jpg,0,0,0,0,0,0,0,0,0,0,0,0,0,0
032_PNG_jpg.rf.132859f209d783719042c7b03f59d249.jpg,0,0,0,0,0,0,0,0,0,0,0,0,0,0
046_PNG_jpg.rf.1370613b22b7e4192c6529070e6ff010.jpg,0,0,0,0,0,0,0,0,0,0,0,0,0,0
images-6-_jpg.rf.f6c5588e7c78c565887991d8d80e22eb.jpg,0,0,0,0,0,0,0,0,0,0,0,0,0,0
1430190227-489371765_jpg.rf.f85707180b148baacf1e269882e66374.jpg,0,0,0,0,0,0,0,0,0,0,0,0,0,0
046_PNG_jpg.rf.f8bf34d8b96a3d4ef0e3285f0d838c52.jpg,0,0,0,0,0,0,0,0,0,0,0,0,0,0
086_PNG_jpg.rf.fa07e24698b9e696fa065cc8b2702fdf.jpg,0,0,0,0,0,0,0,0,0,0,0,0,0,0
cropped-Health-Benefits-of-Eggs_jpg.rf.fa40314bfcb64db91fb6d54c6392f784.jpg,0,0,0,0,0,0,0,0,0,0,0,0,0,0
001_jpg.rf.fa9f82aea52e4da7615aa3846da6f4aa.jpg,0,0,0,0,0,0,0,0,0,0,0,0,0,0
082_PNG_jpg.rf.faf12bab495dcdc29c2380ae3c1595fa.jpg,0,0,0,0,0,0,0,0,0,0,0,0,0,0
047_PNG_jpg.rf.fb452b6f81d3805e7a6abba0452f016c.jpg,0,0,0,0,0,0,0,0,0,0,0,0,0,0
088_PNG_jpg.rf.fccaba044d409eafdfc07a601952e7f1.jpg,0,0,0,0,0,0,0,0,0,0,0,0,0,0
047_PNG_jpg.rf.140563b8e546065f5d0838ad330dc82b.jpg,0,0,0,0,0,0,0,0,0,0,0,0,0,0
046_PNG_jpg.rf.1990d001c7a1da334488b0502f26d818.jpg,0,0,0,0,0,0,0,0,0,0,0,0,0,0
051_PNG_jpg.rf.19ca0d13a4bd68364f61d0beb85b5222.jpg,0,0,0,0,0,0,0,0,0,0,0,0,0,0
088_PNG_jpg.rf.1a79d79b4c77dacc5e39d10b0b89477b.jpg,0,0,0,0,0,0,0,0,0,0,0,0,0,0
040_PNG_jpg.rf.1b01a26471adfe8f35ead15f606b2276.jpg,0,0,0,0,0,0,0,0,0,0,0,0,0,0
images-10-_jpg.rf.1dacdd3e61c0ec6b4ee7db2a3d0680e4.jpg,0,0,0,0,0,0,0,0,0,0,0,0,0,0
images-8-_jpg.rf.1f346f01ec708e4d36aa686e224b6804.jpg,0,0,0,0,0,0,0,0,0,0,0,0,0,0
083_PNG_jpg.rf.1f9a100c348f2422d1dc1d450e05dc5a.jpg,0,0,0,0,0,0,0,0,0,0,0,0,0,0
037_PNG_jpg.rf.264b76eb795a12f47cd5c5ee4f07f587.jpg,0,0,0,0,0,0,0,0,0,0,0,0,0,0
083_PNG_jpg.rf.2693aaca066a7c743c3c38445f183ecf.jpg,0,0,0,0,0,0,0,0,0,0,0,0,0,0
download-1-_jpg.rf.26c1caca85cbb3abff29b4b6f628edaa.jpg,0,0,0,0,0,0,0,0,0,0,0,0,0,0
043_PNG_jpg.rf.298f65e90022c7e129a12ca7aeb4331e.jpg,0,0,0,0,0,0,0,0,0,0,0,0,0,0
067_PNG_jpg.rf.2ada66d4384a6668f537e0e7f9052764.jpg,0,0,0,0,0,0,0,0,0,0,0,0,0,0
067_PNG_jpg.rf.2e0bb06b0b5904a8ef9fbe03fede9175.jpg,0,0,0,0,0,0,0,0,0,0,0,0,0,0
057_PNG_jpg.rf.2e26ac73d51e84fd2a54e7fd07431aca.jpg,0,0,0,0,0,0,0,0,0,0,0,0,0,0
007_jpg.rf.2e30c349c00e777eeb07d0b4a99fa9f6.jpg,0,0,0,0,0,0,0,0,0,0,0,0,0,0
046_PNG_jpg.rf.2e7ab469062964cfeff776e22e2659c8.jpg,0,0,0,0,0,0,0,0,0,0,0,0,0,0
088_PNG_jpg.rf.3005a5b475ed4abc265edda807635e2f.jpg,0,0,0,0,0,0,0,0,0,0,0,0,0,0
images_jpg.rf.30d81727b07aa7f9774658588d32a8b8.jpg,0,0,0,0,0,0,0,0,0,0,0,0,0,0
086_PNG_jpg.rf.31787dca85b8ab2621feab4b8060502d.jpg,0,0,0,0,0,0,0,0,0,0,0,0,0,0
001_jpg.rf.31ab7fc6a2adb1bc235073e187414c92.jpg,0,0,0,0,0,0,0,0,0,0,0,0,0,0
083_PNG_jpg.rf.31b29187b468c9175d0b0ffc8568c5df.jpg,0,0,0,0,0,0,0,0,0,0,0,0,0,0
eggs-online-_jpeg.rf.31dbff531e05743f2bfa661558dc359f.jpg,0,0,0,0,0,0,0,0,0,0,0,0,0,0
057_PNG_jpg.rf.32451b6cb79a51d72bb48c2e5888ea29.jpg,0,0,0,0,0,0,0,0,0,0,0,0,0,0
079_PNG_jpg.rf.32eb1162e79043022ce130b7149107a9.jpg,0,0,0,0,0,0,0,0,0,0,0,0,0,0
1430190227-489371765_jpg.rf.32ed9bda1f6ddcfa3613e6c712987442.jpg,0,0,0,0,0,0,0,0,0,0,0,0,0,0
086_PNG_jpg.rf.33ca560daee6198ca2efcfa35a8271e0.jpg,0,0,0,0,0,0,0,0,0,0,0,0,0,0
002_jpg.rf.34716f1c8a360eebc7ea017542215838.jpg,0,0,0,0,0,0,0,0,0,0,0,0,0,0
083_PNG_jpg.rf.34bd77724ddd8b69b8da9cd50339e924.jpg,0,0,0,0,0,0,0,0,0,0,0,0,0,0
001_jpg.rf.35c7930b1aa395cdedb77cdf96c0c590.jpg,0,0,0,0,0,0,0,0,0,0,0,0,0,0
086_PNG_jpg.rf.3639a8cae41c1a397e29554022d5a018.jpg,0,0,0,0,0,0,0,0,0,0,0,0,0,0
088_PNG_jpg.rf.36ed78152f3f37aaf807018e97968007.jpg,0,0,0,0,0,0,0,0,0,0,0,0,0,0
079_PNG_jpg.rf.380d72c775a9f00e7741dfe8c7cf64a7.jpg,0,0,0,0,0,0,0,0,0,0,0,0,0,0
082_PNG_jpg.rf.382beac8c4c82f0e1aa821bd013af540.jpg,0,0,0,0,0,0,0,0,0,0,0,0,0,0
1430190227-489371765_jpg.rf.38b223dcf705fb9ed47f5921a9f0c3e6.jpg,0,0,0,0,0,0,0,0,0,0,0,0,0,0
086_PNG_jpg.rf.ab0a24612cf4bcdd7bb000ceda14b7a2.jpg,0,0,0,0,0,0,0,0,0,0,0,0,0,0
047_PNG_jpg.rf.abb988cac5db37d26e7c04c7414f8772.jpg,0,0,0,0,0,0,0,0,0,0,0,0,0,0
047_PNG_jpg.rf.ad334d05a49a61aa009e1fb9ba41c089.jpg,0,0,0,0,0,0,0,0,0,0,0,0,0,0
005_jpg.rf.ad683428a208c23fe97f983aa2bd0768.jpg,0,0,0,0,0,0,0,0,0,0,0,0,0,0
047_PNG_jpg.rf.ae33b2f6671cd8b456614d613c8df8ce.jpg,0,0,0,0,0,0,0,0,0,0,0,0,0,0
007_jpg.rf.af60df43487155818c4f556398a8ab0c.jpg,0,0,0,0,0,0,0,0,0,0,0,0,0,0
when-can-babies-eat-eggs_jpg.rf.b054c35c5e2c7febba97d07ce818128f.jpg     ,0,0,0,0,0,0,0,0,0,0,0,0,0,0
073_PNG_jpg.rf.b2021a9f1279949aeef604dde42a75f9.jpg,0,0,0,0,0,0,0,0,0,0,0,0,0,0
047_PNG_jpg.rf.b467fc68a61fc301ee2ec34951497492.jpg,0,0,0,0,0,0,0,0,0,0,0,0,0,0
051_PNG_jpg.rf.b59fca0032f427acd3cf93280693c9b0.jpg,0,0,0,0,0,0,0,0,0,0,0,0,0,0
002_jpg.rf.b5d170176c5cd8715fe20d216e3c9a84.jpg,0,0,0,0,0,0,0,0,0,0,0,0,0,0
032_PNG_jpg.rf.b734e2fc430c43261e5640f1f87eaf93.jpg,0,0,0,0,0,0,0,0,0,0,0,0,0,0
eggs-online-_jpeg.rf.b9093db7f609959630782b96574b7dba.jpg,0,0,0,0,0,0,0,0,0,0,0,0,0,0
047_PNG_jpg.rf.b9ad976dee53c496c55d4e154f12eeed.jpg,0,0,0,0,0,0,0,0,0,0,0,0,0,0
079_PNG_jpg.rf.bd517d738cf7a26d9f6a09b0c953770b.jpg,0,0,0,0,0,0,0,0,0,0,0,0,0,0
082_PNG_jpg.rf.bdebc3bf601955e585749b346d2c95e5.jpg,0,0,0,0,0,0,0,0,0,0,0,0,0,0
images-3-_jpg.rf.bdf46e326808cbd2df928ae364f59d85.jpg,0,0,0,0,0,0,0,0,0,0,0,0,0,0
040_PNG_jpg.rf.bf7526152c1bc29e728b50209015706d.jpg,0,0,0,0,0,0,0,0,0,0,0,0,0,0
051_PNG_jpg.rf.bff2c77e0b45e1418943b6c21693e143.jpg,0,0,0,0,0,0,0,0,0,0,0,0,0,0
026_PNG_jpg.rf.c0e8cbcd7fb1fce8a840c836f04e32f9.jpg,0,0,0,0,0,0,0,0,0,0,0,0,0,0
040_PNG_jpg.rf.c13e3f4653c7b27b394ec3f2080c819c.jpg,0,0,0,0,0,0,0,0,0,0,0,0,0,0
are_eggs_dairy_overhead_1296x728_header-_jpg.rf.c2d6b665ef183e994a9a8eeb685e12e8.jpg,0,0,0,0,0,0,0,0,0,0,0,0,0,0
001_jpg.rf.c30ebb66cb4fd62cc48b476641ac1e45.jpg,0,0,0,0,0,0,0,0,0,0,0,0,0,0
002_jpg.rf.c3e6b96c89e6b2e03b39c3a80fcc85e6.jpg,0,0,0,0,0,0,0,0,0,0,0,0,0,0
local-chicken-eggs_jpg.rf.c4b6af4663466c5cc09e097374ca1653.jpg,0,0,0,0,0,0,0,0,0,0,0,0,0,0
079_PNG_jpg.rf.c50884ba34207b3afc15aef7ea7216bd.jpg,0,0,0,0,0,0,0,0,0,0,0,0,0,0
037_PNG_jpg.rf.c5422bb288397623b3c26bca5c8cf5b1.jpg,0,0,0,0,0,0,0,0,0,0,0,0,0,0
079_PNG_jpg.rf.c593fcb19d05034ee80e8ce5b0b2b04d.jpg,0,0,0,0,0,0,0,0,0,0,0,0,0,0
002_jpg.rf.c72b22201633eb8e0065b15aa5fe935b.jpg,0,0,0,0,0,0,0,0,0,0,0,0,0,0
040_PNG_jpg.rf.c81d31eba8293c8974e36cf497556db2.jpg,0,0,0,0,0,0,0,0,0,0,0,0,0,0
057_PNG_jpg.rf.c9b29ee2e053588b1f3d5dec957813a9.jpg,0,0,0,0,0,0,0,0,0,0,0,0,0,0
images-1-_jpg.rf.cad1844f0cd4781b3f746e8ee76c4d2f.jpg,0,0,0,0,0,0,0,0,0,0,0,0,0,0
images-5-_jpg.rf.cb213a8f87252481dd975482a9c9726e.jpg,0,0,0,0,0,0,0,0,0,0,0,0,0,0
22-del-explainer-eggsfridge-1665688571_jpg.rf.cbe901b273902dffd5051a2a8e73587a.jpg,0,0,0,0,0,0,0,0,0,0,0,0,0,0
026_PNG_jpg.rf.cd43dc4dfd9d46fc5d41117a46cf7ffd.jpg,0,0,0,0,0,0,0,0,0,0,0,0,0,0
005_jpg.rf.5ff774f78c4c2f4fdd7e390b075591be.jpg,0,0,0,0,0,0,0,0,0,0,0,0,0,0
047_PNG_jpg.rf.60066ba05eb21cfb67033620347ee6e7.jpg,0,0,0,0,0,0,0,0,0,0,0,0,0,0
002_jpg.rf.617680cae661ba1c36033810ca73bba9.jpg,0,0,0,0,0,0,0,0,0,0,0,0,0,0
088_PNG_jpg.rf.6258a75d1afa1f388ec7745bce3f52ce.jpg,0,0,0,0,0,0,0,0,0,0,0,0,0,0
egggg-_jpeg.rf.6313431b9713991b1e0238e42743c14e.jpg,0,0,0,0,0,0,0,0,0,0,0,0,0,0
082_PNG_jpg.rf.63528089b577a4cf0e00b2cd61715f4b.jpg,0,0,0,0,0,0,0,0,0,0,0,0,0,0
007_jpg.rf.6467866a92768ac8fbbdf98bfe94018d.jpg,0,0,0,0,0,0,0,0,0,0,0,0,0,0
037_PNG_jpg.rf.64c35956150a5d8148806d6c5167833c.jpg,0,0,0,0,0,0,0,0,0,0,0,0,0,0
082_PNG_jpg.rf.6549d681293d0cef7745af93f91207df.jpg,0,0,0,0,0,0,0,0,0,0,0,0,0,0
a-basket-of-eggs_jpg.rf.657ba36e000d9249d414859c0385c9e0.jpg,0,0,0,0,0,0,0,0,0,0,0,0,0,0
067_PNG_jpg.rf.6a45016afec46cac327a7d37aa249c65.jpg,0,0,0,0,0,0,0,0,0,0,0,0,0,0
093_PNG_jpg.rf.6c463bfcb4799e8010cc220911618477.jpg,0,0,0,0,0,0,0,0,0,0,0,0,0,0
images-6-_jpg.rf.6c740401ed88080ba2620b8f738390b1.jpg,0,0,0,0,0,0,0,0,0,0,0,0,0,0
067_PNG_jpg.rf.6c8293f9436d4d02563abf0404316ab4.jpg,0,0,0,0,0,0,0,0,0,0,0,0,0,0
040_PNG_jpg.rf.6e304b490813130d82fe1a892cf1e838.jpg,0,0,0,0,0,0,0,0,0,0,0,0,0,0
040_PNG_jpg.rf.6eedbbdd0773df35d28d7b511b40e2cd.jpg,0,0,0,0,0,0,0,0,0,0,0,0,0,0
a-basket-of-eggs_jpg.rf.706b14992538d95e49bba7fa56c46c0e.jpg,0,0,0,0,0,0,0,0,0,0,0,0,0,0
images-6-_jpg.rf.7097727d7e33af382adc2f1c9543358d.jpg,0,0,0,0,0,0,0,0,0,0,0,0,0,0
images-5-_jpg.rf.7173b50ff0a049198f9c5079e071801d.jpg,0,0,0,0,0,0,0,0,0,0,0,0,0,0
eggs-e1648216369366_jpeg.rf.73fe561a58d06ee917d739b484135225.jpg,0,0,0,0,0,0,0,0,0,0,0,0,0,0
032_PNG_jpg.rf.74721ed827c31052d04a50dac9f5486d.jpg,0,0,0,0,0,0,0,0,0,0,0,0,0,0
032_PNG_jpg.rf.74a2cbf00867f44029b47cc047d3ec2a.jpg,0,0,0,0,0,0,0,0,0,0,0,0,0,0
when-can-babies-eat-eggs_jpg.rf.748c8d96afdd721f4477256f173c2f50.jpg     ,0,0,0,0,0,0,0,0,0,0,0,0,0,0
egggg-_jpeg.rf.74d6e4ff2bd1dbe547927ea3d1230d22.jpg,0,0,0,0,0,0,0,0,0,0,0,0,0,0
088_PNG_jpg.rf.74f30b1d409ff4309c0f8bce91358edc.jpg,0,0,0,0,0,0,0,0,0,0,0,0,0,0
007_jpg.rf.75075f0a47a4c9a99fe11e4db59d5204.jpg,0,0,0,0,0,0,0,0,0,0,0,0,0,0
067_PNG_jpg.rf.7686c5ea810171549b173023d853e6e3.jpg,0,0,0,0,0,0,0,0,0,0,0,0,0,0
093_PNG_jpg.rf.778220d3b29083948279b0d9df3c3dea.jpg,0,0,0,0,0,0,0,0,0,0,0,0,0,0
images-10-_jpg.rf.793ee1743d54437379c32acfa64269f0.jpg,0,0,0,0,0,0,0,0,0,0,0,0,0,0
051_PNG_jpg.rf.79583284a094af9b3505d76d90771473.jpg,0,0,0,0,0,0,0,0,0,0,0,0,0,0
images-3-_jpg.rf.7b2841b6f73fd6ee32c0a53a0c9e8dac.jpg,0,0,0,0,0,0,0,0,0,0,0,0,0,0
083_PNG_jpg.rf.7d0a0c4c1d4992ef4fb165067584003b.jpg,0,0,0,0,0,0,0,0,0,0,0,0,0,0
images-1-_jpg.rf.7e31db62aa39dfafc098c049962bc35f.jpg,0,0,0,0,0,0,0,0,0,0,0,0,0,0
043_PNG_jpg.rf.7ee3a99edfde33c55b89c08b9656c183.jpg,0,0,0,0,0,0,0,0,0,0,0,0,0,0
005_jpg.rf.7ef45f3bc0d75770eb8b0f36f83c10fe.jpg,0,0,0,0,0,0,0,0,0,0,0,0,0,0
images-1-_jpg.rf.7f96bc93cf9c9746e5a4ebf193387838.jpg,0,0,0,0,0,0,0,0,0,0,0,0,0,0
001_jpg.rf.834adecab3401434e067ff085d527983.jpg,0,0,0,0,0,0,0,0,0,0,0,0,0,0
001_jpg.rf.853cd18279b5f2d84ad4417aa2bde5b1.jpg,0,0,0,0,0,0,0,0,0,0,0,0,0,0
egg_jpeg.rf.869c91c6fc6a2add7c2313907d39a5b5.jpg,0,0,0,0,0,0,0,0,0,0,0,0,0,0
037_PNG_jpg.rf.87ee75e540d741e3d675964e03876620.jpg,0,0,0,0,0,0,0,0,0,0,0,0,0,0
082_PNG_jpg.rf.87e64f30ee07b9c0b00941ccdaf7a76c.jpg,0,0,0,0,0,0,0,0,0,0,0,0,0,0
shutterstock_1020179506_jpg.rf.87fbd23bbc4cb0d2bdeda57b95c72330.jpg,0,0,0,0,0,0,0,0,0,0,0,0,0,0
043_PNG_jpg.rf.893419d797f84151f548178f1e7b441d.jpg,0,0,0,0,0,0,0,0,0,0,0,0,0,0
088_PNG_jpg.rf.89a555f307934e6242908fd0f1c5192d.jpg,0,0,0,0,0,0,0,0,0,0,0,0,0,0
026_PNG_jpg.rf.8a4120d30d6ce64790c34a95412d9f0d.jpg,0,0,0,0,0,0,0,0,0,0,0,0,0,0
005_jpg.rf.8b6d07d85d7465604578094a01a98cd0.jpg,0,0,0,0,0,0,0,0,0,0,0,0,0,0
047_PNG_jpg.rf.8c1b61132b204fd614137aa730783dfd.jpg,0,0,0,0,0,0,0,0,0,0,0,0,0,0
download-1-_jpg.rf.8c30f1c73574ee1b204beec53b67879c.jpg,0,0,0,0,0,0,0,0,0,0,0,0,0,0
057_PNG_jpg.rf.8c56b58795d4370234cfe8841a90aaa4.jpg,0,0,0,0,0,0,0,0,0,0,0,0,0,0
images-3-_jpg.rf.8ca827a5723a7e6a9be420c41772e698.jpg,0,0,0,0,0,0,0,0,0,0,0,0,0,0
037_PNG_jpg.rf.8ce5a1a58cb4f4a41d985efb9efb5674.jpg,0,0,0,0,0,0,0,0,0,0,0,0,0,0
chicken-poultry-egg-500x500_jpg.rf.8d39503670c12e03da9b3d33b7efac83.jpg  ,0,0,0,0,0,0,0,0,0,0,0,0,0,0
007_jpg.rf.8d3a375063293565828c094f861b8ae0.jpg,0,0,0,0,0,0,0,0,0,0,0,0,0,0
026_PNG_jpg.rf.8edc10b69afea2a778dd18b673fac6d2.jpg,0,0,0,0,0,0,0,0,0,0,0,0,0,0
093_PNG_jpg.rf.8f00ef205ca2a020948e8105a135fddc.jpg,0,0,0,0,0,0,0,0,0,0,0,0,0,0
local-chicken-eggs_jpg.rf.90072d311e11cb302c6510bc08369e4e.jpg,0,0,0,0,0,0,0,0,0,0,0,0,0,0
086_PNG_jpg.rf.9020d9a3b840da65d8f37cd2564a14b2.jpg,0,0,0,0,0,0,0,0,0,0,0,0,0,0
046_PNG_jpg.rf.9076e921e0a59a63f1f1ef20c8616acb.jpg,0,0,0,0,0,0,0,0,0,0,0,0,0,0
086_PNG_jpg.rf.914b0f2d0431bd130d9e741123c267b9.jpg,0,0,0,0,0,0,0,0,0,0,0,0,0,0
051_PNG_jpg.rf.91bbc62199c61a9193be55fa47cc609a.jpg,0,0,0,0,0,0,0,0,0,0,0,0,0,0
046_PNG_jpg.rf.924ea146709c9d80f5fd64f1771aa80c.jpg,0,0,0,0,0,0,0,0,0,0,0,0,0,0
067_PNG_jpg.rf.92ff717d970854a1cc7a0c6f23c1d1b6.jpg,0,0,0,0,0,0,0,0,0,0,0,0,0,0
carton_of_eggs-84d8eef_jpg.rf.9344cf2bc3e612d89420d95a7e75e206.jpg,0,0,0,0,0,0,0,0,0,0,0,0,0,0
032_PNG_jpg.rf.93aa7d315753120e09e1dd1b4567c1bf.jpg,0,0,0,0,0,0,0,0,0,0,0,0,0,0
22-del-explainer-eggsfridge-1665688571_jpg.rf.94ef6259b531cecfa4e8ff824af18d6f.jpg,0,0,0,0,0,0,0,0,0,0,0,0,0,0
download-1-_jpg.rf.996bf1bcd1e29469d4fd4366ee9c7760.jpg,0,0,0,0,0,0,0,0,0,0,0,0,0,0
shutterstock_1020179506_jpg.rf.9a6bbc5c77cedb9254ca76bd1dcc27a4.jpg      ,0,0,0,0,0,0,0,0,0,0,0,0,0,0
093_PNG_jpg.rf.9b1f7d9c18c57b596856b2d12040e133.jpg,0,0,0,0,0,0,0,0,0,0,0,0,0,0
shutterstock_1020179506_jpg.rf.9b76a65cdebd6a3a1e88f85853ddd40f.jpg,0,0,0,0,0,0,0,0,0,0,0,0,0,0
005_jpg.rf.9c640da851da38bcb22cd0ee4e2bcb6d.jpg,0,0,0,0,0,0,0,0,0,0,0,0,0,0
079_PNG_jpg.rf.9cdc232a50fa8dd6e849428a4adb3b30.jpg,0,0,0,0,0,0,0,0,0,0,0,0,0,0
eggs-e1648216369366_jpeg.rf.9d9aa07f7f30e1ea8a8f528a1306d4f7.jpg,0,0,0,0,0,0,0,0,0,0,0,0,0,0
026_PNG_jpg.rf.a331bfd327754a7786947bd5ccfdcd21.jpg,0,0,0,0,0,0,0,0,0,0,0,0,0,0
046_PNG_jpg.rf.a3c821bce04fc170107761344f46bdde.jpg,0,0,0,0,0,0,0,0,0,0,0,0,0,0
043_PNG_jpg.rf.a566cea1ac7a6a0efa2912fa63ae97ac.jpg,0,0,0,0,0,0,0,0,0,0,0,0,0,0
are_eggs_dairy_overhead_1296x728_header-_jpg.rf.a59981560fd2216fc43ae9b8bc29f900.jpg,0,0,0,0,0,0,0,0,0,0,0,0,0,0
040_PNG_jpg.rf.a5ea21cbe84e8e620c3380bf228c30de.jpg,0,0,0,0,0,0,0,0,0,0,0,0,0,0
026_PNG_jpg.rf.a6f31724c1148521fa3f234b7264f837.jpg,0,0,0,0,0,0,0,0,0,0,0,0,0,0
088_PNG_jpg.rf.a7d8d8b9ff1e3435771a67952b9e0468.jpg,0,0,0,0,0,0,0,0,0,0,0,0,0,0
046_PNG_jpg.rf.a903ea516706d8d1795a66cfb27a717d.jpg,0,0,0,0,0,0,0,0,0,0,0,0,0,0
brown-and-white-eggs-iStock_jpg.rf.cfe995ac2705791f3830f23622ae3966.jpg,0,0,0,0,0,0,0,0,0,0,0,0,0,0
043_PNG_jpg.rf.d12d4f61cd63acc8f0b67ff6d116a577.jpg,0,0,0,0,0,0,0,0,0,0,0,0,0,0
079_PNG_jpg.rf.d1e6504abe1411e1d160db891dc0ab3b.jpg,0,0,0,0,0,0,0,0,0,0,0,0,0,0
067_PNG_jpg.rf.d71fbe413df5ff30425aa1c8bd91d99d.jpg,0,0,0,0,0,0,0,0,0,0,0,0,0,0
032_PNG_jpg.rf.d73faf95b47b63c8141c0aebf1d18e83.jpg,0,0,0,0,0,0,0,0,0,0,0,0,0,0
005_jpg.rf.d884e65e5187b9847f9c6d6d4514970f.jpg,0,0,0,0,0,0,0,0,0,0,0,0,0,0
037_PNG_jpg.rf.d9bfab9dd42e2ee2aa90157407fa50dd.jpg,0,0,0,0,0,0,0,0,0,0,0,0,0,0
001_jpg.rf.de77a86a1a6a4a6b7a7c171d761cfcf3.jpg,0,0,0,0,0,0,0,0,0,0,0,0,0,0
093_PNG_jpg.rf.def493158575a6be1b189dfafc47755e.jpg,0,0,0,0,0,0,0,0,0,0,0,0,0,0
images_jpg.rf.df1292cd332deec58f1a66228ef699c4.jpg,0,0,0,0,0,0,0,0,0,0,0,0,0,0
local-chicken-eggs_jpg.rf.dfda031cf1b6c4bbb60fc400cfb05207.jpg,0,0,0,0,0,0,0,0,0,0,0,0,0,0
002_jpg.rf.e1883c5d59bcd53f7017bc5722bb651d.jpg,0,0,0,0,0,0,0,0,0,0,0,0,0,0
037_PNG_jpg.rf.e3694cb9160a1a94565609e9d5a3e79c.jpg,0,0,0,0,0,0,0,0,0,0,0,0,0,0
026_PNG_jpg.rf.e3de7a6f4f84e6c8c33ff4f9cf9b5fdc.jpg,0,0,0,0,0,0,0,0,0,0,0,0,0,0
001_jpg.rf.e3f5df44bf8b5de312586258ec08f315.jpg,0,0,0,0,0,0,0,0,0,0,0,0,0,0
057_PNG_jpg.rf.e4a3f3f554203b5aa0fd603f1149d7c2.jpg,0,0,0,0,0,0,0,0,0,0,0,0,0,0
egg_jpeg.rf.e4bb49ee6ce82cda84ef190def5eb13a.jpg,0,0,0,0,0,0,0,0,0,0,0,0,0,0
093_PNG_jpg.rf.e58a20b39c09e7be155984002ef5ea87.jpg,0,0,0,0,0,0,0,0,0,0,0,0,0,0
040_PNG_jpg.rf.e689241de10dc2510d1521c5523fad7d.jpg,0,0,0,0,0,0,0,0,0,0,0,0,0,0
043_PNG_jpg.rf.e7c7dee8a4bc6035d2275bdf6471d9cf.jpg,0,0,0,0,0,0,0,0,0,0,0,0,0,0
057_PNG_jpg.rf.e8505ef0002d64ccfce3280268ed5380.jpg,0,0,0,0,0,0,0,0,0,0,0,0,0,0
images-5-_jpg.rf.e85b0862fb091bc33497acd0cbb3a2b6.jpg,0,0,0,0,0,0,0,0,0,0,0,0,0,0
005_jpg.rf.e988620a9145afe93198a5d62364513d.jpg,0,0,0,0,0,0,0,0,0,0,0,0,0,0
002_jpg.rf.eb1e60d3123bffe2dfa3c9a5a5c3d354.jpg,0,0,0,0,0,0,0,0,0,0,0,0,0,0
073_PNG_jpg.rf.ec0ce679217b28e35bd57cea74406198.jpg,0,0,0,0,0,0,0,0,0,0,0,0,0,0
images-8-_jpg.rf.ecf8c6ec4d6f1183fcb795c87b331f1c.jpg,0,0,0,0,0,0,0,0,0,0,0,0,0,0
007_jpg.rf.edc28ed310152a24e71d236f3b5803e8.jpg,0,0,0,0,0,0,0,0,0,0,0,0,0,0
cropped-Health-Benefits-of-Eggs_jpg.rf.eddbe0b73261c9f5ca2b3b8530c03a71.jpg,0,0,0,0,0,0,0,0,0,0,0,0,0,0
eggs-online-_jpeg.rf.ee211daa3e281f69ad041766fef71928.jpg,0,0,0,0,0,0,0,0,0,0,0,0,0,0
001_jpg.rf.ee59f6e7c7f8dcc13373a8ab3dc0086b.jpg,0,0,0,0,0,0,0,0,0,0,0,0,0,0
093_PNG_jpg.rf.eeb0b611252555beb6906a4516ca0a5f.jpg,0,0,0,0,0,0,0,0,0,0,0,0,0,0
093_PNG_jpg.rf.ef3de939d8776814770c614ccb65f6c8.jpg,0,0,0,0,0,0,0,0,0,0,0,0,0,0
051_PNG_jpg.rf.eff4c06cc8e3fe021dc62ec39ad9ed7d.jpg,0,0,0,0,0,0,0,0,0,0,0,0,0,0
051_PNG_jpg.rf.f0fb004f2c2cdbbcebd5e8f2eab30fa4.jpg,0,0,0,0,0,0,0,0,0,0,0,0,0,0
093_PNG_jpg.rf.f138e3209cbf54c2d57882a3ab751da2.jpg,0,0,0,0,0,0,0,0,0,0,0,0,0,0
040_PNG_jpg.rf.f1bdae09b05a8af74a61525f7b6365a0.jpg,0,0,0,0,0,0,0,0,0,0,0,0,0,0
a-basket-of-eggs_jpg.rf.f2f702b42a337d7613d6f60f16d7f56c.jpg,0,0,0,0,0,0,0,0,0,0,0,0,0,0
032_PNG_jpg.rf.f305864e75cb03fd37a0aab7a0e349db.jpg,0,0,0,0,0,0,0,0,0,0,0,0,0,0
images-10-_jpg.rf.3afe582e7c32f3b8de1d0664c4cfec59.jpg,0,0,0,0,0,0,0,0,0,0,0,0,0,0
086_PNG_jpg.rf.3bf0f37348f3adc52a92e0e7bef2c48b.jpg,0,0,0,0,0,0,0,0,0,0,0,0,0,0
026_PNG_jpg.rf.3e21e28b63420776e3cc73e07fe35fdc.jpg,0,0,0,0,0,0,0,0,0,0,0,0,0,0
057_PNG_jpg.rf.3ecac8c7516b5be5dd9031693ef5694c.jpg,0,0,0,0,0,0,0,0,0,0,0,0,0,0
086_PNG_jpg.rf.3f9e84ef6dfee72af5396d6e66752a1a.jpg,0,0,0,0,0,0,0,0,0,0,0,0,0,0
images-8-_jpg.rf.40561aa8d0e5f399be46953f275ef699.jpg,0,0,0,0,0,0,0,0,0,0,0,0,0,0
brown-and-white-eggs-iStock_jpg.rf.411dd0bbbc0417636faa15b6a211963f.jpg  ,0,0,0,0,0,0,0,0,0,0,0,0,0,0
043_PNG_jpg.rf.4244e3e2cbd9de62ca57a6605b70f2c9.jpg,0,0,0,0,0,0,0,0,0,0,0,0,0,0
002_jpg.rf.436237728144b32dccecef6413aee94b.jpg,0,0,0,0,0,0,0,0,0,0,0,0,0,0
carton_of_eggs-84d8eef_jpg.rf.4749dcaf53d6f0dae117d77d54fb2cfb.jpg,0,0,0,0,0,0,0,0,0,0,0,0,0,0
088_PNG_jpg.rf.48058c89a5bde15268f6723aa7bf1ac8.jpg,0,0,0,0,0,0,0,0,0,0,0,0,0,0
043_PNG_jpg.rf.4926f5e5947a01c376e5f574ba4f5d61.jpg,0,0,0,0,0,0,0,0,0,0,0,0,0,0
079_PNG_jpg.rf.4a0a6e0e7a5ac40f0e7b85ebfbded68e.jpg,0,0,0,0,0,0,0,0,0,0,0,0,0,0
082_PNG_jpg.rf.4aa383768ea2f48e47de24c40e9835df.jpg,0,0,0,0,0,0,0,0,0,0,0,0,0,0
082_PNG_jpg.rf.4ce2570a4aed11fb3c18b4ff9df12e82.jpg,0,0,0,0,0,0,0,0,0,0,0,0,0,0
002_jpg.rf.50347c751a5af43d95ca31a4a7fe3399.jpg,0,0,0,0,0,0,0,0,0,0,0,0,0,0
005_jpg.rf.50e51ffb006313859872bf632d9e5cb7.jpg,0,0,0,0,0,0,0,0,0,0,0,0,0,0
043_PNG_jpg.rf.5445a4a789c40301fbd80cc05d3276d9.jpg,0,0,0,0,0,0,0,0,0,0,0,0,0,0
egg_jpeg.rf.54baaa6d3b46b1636233dc58826b2cd1.jpg,0,0,0,0,0,0,0,0,0,0,0,0,0,0
brown-and-white-eggs-iStock_jpg.rf.54f1748b436b817f86c1671fea166b73.jpg,0,0,0,0,0,0,0,0,0,0,0,0,0,0
083_PNG_jpg.rf.550c8bdced4632620c9640267acd3a72.jpg,0,0,0,0,0,0,0,0,0,0,0,0,0,0
chicken-poultry-egg-500x500_jpg.rf.5581cb2fb1e22ca1cb15466c62f11217.jpg,0,0,0,0,0,0,0,0,0,0,0,0,0,0
073_PNG_jpg.rf.56cb98d9c9e1c94526f5526fa2c3a5fa.jpg,0,0,0,0,0,0,0,0,0,0,0,0,0,0
067_PNG_jpg.rf.5715e7fd8049b44146c5f1976ebd9f6c.jpg,0,0,0,0,0,0,0,0,0,0,0,0,0,0
007_jpg.rf.5736a1009ed4da666d3130253a3f7526.jpg,0,0,0,0,0,0,0,0,0,0,0,0,0,0
22-del-explainer-eggsfridge-1665688571_jpg.rf.579b11e1fa1b56911743eda4eec63800.jpg,0,0,0,0,0,0,0,0,0,0,0,0,0,0
037_PNG_jpg.rf.59409eee17d4c3d063c1e3a41e332202.jpg,0,0,0,0,0,0,0,0,0,0,0,0,0,0
037_PNG_jpg.rf.5a5aa82b690b33f71b9b3c40c46675b3.jpg,0,0,0,0,0,0,0,0,0,0,0,0,0,0
egggg-_jpeg.rf.5cd4032961ae55ed4cf8f2a78b6f2923.jpg,0,0,0,0,0,0,0,0,0,0,0,0,0,0
eggs-e1648216369366_jpeg.rf.5d1127d3979e03befba8af6a5a62c024.jpg,0,0,0,0,0,0,0,0,0,0,0,0,0,0
067_PNG_jpg.rf.5d807eb066879f23ccdbc3e65fceb2bd.jpg,0,0,0,0,0,0,0,0,0,0,0,0,0,0
download_jpg.rf.0400b0ada2b635b4387afac9ab214b01.jpg,0,0,0,0,0,0,0,0,0,0,0,0,0,0
salt-_jpeg.rf.0fe3e1819a9086c7cb5d918882173ad8.jpg,0,0,0,0,0,0,0,0,0,0,0,0,0,0
363882913_1711055812741402_8184432552099650128_n_jpg.rf.339ce882f2b024a7f9ef3ef2c2149774.jpg,0,0,0,0,0,0,0,0,0,0,0,0,0,0
363902409_317796807348188_9101474336643315142_n_jpg.rf.349df0d9adcb8907d0a89356b52a49d5.jpg,0,0,0,0,0,0,0,0,0,0,0,0,0,0
download_jpg.rf.ab06e544d9aa2fe6f9a082fc005e7b99.jpg,0,0,0,0,0,0,0,0,0,0,0,0,0,0
1bb712fd0e6e6ab6d22fe505ebcfad93_jpg.rf.ad4a145273c705048ebb410d49157fc5.jpg,0,0,0,0,0,0,0,0,0,0,0,0,0,0
d9c850f97bf3e725c664fe14fdfd4a37_jpg.rf.bc40141969b14f0c4b95ed52cb083ece.jpg,0,0,0,0,0,0,0,0,0,0,0,0,0,0
363864098_820632766119309_947503190484779700_n_jpg.rf.bebbf7b73c7f70f2427574d0a6840705.jpg,0,0,0,0,0,0,0,0,0,0,0,0,0,0
29755830cb45cbc243f4bc422ac5f992_jpg.rf.bf5a2a66c7433a1b1af9c262efe34fc9.jpg,0,0,0,0,0,0,0,0,0,0,0,0,0,0
363936089_330053889355882_1424536515334331841_n_jpg.rf.c09ce1df08222ec815511d2b4c674b06.jpg,0,0,0,0,0,0,0,0,0,0,0,0,0,0
1bb712fd0e6e6ab6d22fe505ebcfad93_jpg.rf.c738ed44afb4751521a6cad7bdc982d5.jpg,0,0,0,0,0,0,0,0,0,0,0,0,0,0
salt-_jpeg.rf.6b3d0370239ca809cea8067bcd4fa3f1.jpg,0,0,0,0,0,0,0,0,0,0,0,0,0,0
salt-_jpeg.rf.6d3cf2902799e62cf9df90981bf1b356.jpg,0,0,0,0,0,0,0,0,0,0,0,0,0,0
363882913_1711055812741402_8184432552099650128_n_jpg.rf.788d529269a0bace8843c77d9b2d39fe.jpg,0,0,0,0,0,0,0,0,0,0,0,0,0,0
363936089_330053889355882_1424536515334331841_n_jpg.rf.7a9555b12789405a4a9ccf382606bbe3.jpg,0,0,0,0,0,0,0,0,0,0,0,0,0,0
364442314_3526263704362047_8476414269993346187_n_jpg.rf.80c496fe421254bcf9e3614908638062.jpg,0,0,0,0,0,0,0,0,0,0,0,0,0,0
d9c850f97bf3e725c664fe14fdfd4a37_jpg.rf.8246377a56e3efb5ed580dcda2527ff1.jpg,0,0,0,0,0,0,0,0,0,0,0,0,0,0
363864098_820632766119309_947503190484779700_n_jpg.rf.8984bfd2120ba3f643f640243d2f3034.jpg,0,0,0,0,0,0,0,0,0,0,0,0,0,0
363902409_317796807348188_9101474336643315142_n_jpg.rf.8ee19fc12a4f56195d17448425d9484b.jpg,0,0,0,0,0,0,0,0,0,0,0,0,0,0
364442314_3526263704362047_8476414269993346187_n_jpg.rf.902caca5aad6fe17ad95d18720795ed9.jpg,0,0,0,0,0,0,0,0,0,0,0,0,0,0
363936089_330053889355882_1424536515334331841_n_jpg.rf.966265c759af3e51c9b4278d9a109811.jpg,0,0,0,0,0,0,0,0,0,0,0,0,0,0
363864098_820632766119309_947503190484779700_n_jpg.rf.a38f7304fc226acc6b6194e4c0b5bec1.jpg,0,0,0,0,0,0,0,0,0,0,0,0,0,0
download_jpg.rf.a3909522e19b83b800ca0232cb7a98a6.jpg,0,0,0,0,0,0,0,0,0,0,0,0,0,0
29755830cb45cbc243f4bc422ac5f992_jpg.rf.d9e0bd16e280429710149852585e4c49.jpg,0,0,0,0,0,0,0,0,0,0,0,0,0,0
363882913_1711055812741402_8184432552099650128_n_jpg.rf.da0073e4a4829aa41a75e2fd7127fb1d.jpg,0,0,0,0,0,0,0,0,0,0,0,0,0,0
29755830cb45cbc243f4bc422ac5f992_jpg.rf.e167a3a046142179504f599839b35e07.jpg,0,0,0,0,0,0,0,0,0,0,0,0,0,0
1bb712fd0e6e6ab6d22fe505ebcfad93_jpg.rf.eda039813b6473af178182cdc519d53c.jpg,0,0,0,0,0,0,0,0,0,0,0,0,0,0
364442314_3526263704362047_8476414269993346187_n_jpg.rf.3f74c884db4a3de43ec2bbef7612d765.jpg,0,0,0,0,0,0,0,0,0,0,0,0,0,0
d9c850f97bf3e725c664fe14fdfd4a37_jpg.rf.4cd35d39743101af1f176f099348ab37.jpg,0,0,0,0,0,0,0,0,0,0,0,0,0,0
363902409_317796807348188_9101474336643315142_n_jpg.rf.5f1d5105acc4931163cd1e56a3579047.jpg,0,0,0,0,0,0,0,0,0,0,0,0,0,0
271319af44f1dae0bb390a0790551dca_jpg.rf.0ff36294d1f71a63b73fb6facdc201ec.jpg,0,0,0,0,0,0,0,0,0,1,0,0,0,0
010_jpg.rf.120decbfed007079a3423c12a0f28885.jpg,0,0,0,0,0,0,0,0,0,1,0,0,0,0
images_jpg.rf.12ef02602f7b8525eb182ffddca3a894.jpg,0,0,0,0,0,0,0,0,0,1,0,0,0,0
k_archive_253769fc1de2c7e20bb2a51dba0a492615940f9d_jpg.rf.fb08862a9690e17cf36678869373d963.jpg,0,0,0,0,0,0,0,0,0,1,0,0,0,0
k_archive_253769fc1de2c7e20bb2a51dba0a492615940f9d_jpg.rf.14da68cbedac5d5f82bfce949eec9aa4.jpg,0,0,0,0,0,0,0,0,0,1,0,0,0,0
010_jpg.rf.15414afb746c371e7fe4471b90db95dc.jpg,0,0,0,0,0,0,0,0,0,1,0,0,0,0
d04c842e07e7a768e1a92d72f4516405_jpg.rf.1a053e7a8794e99fd24e7269cdf7fc3b.jpg,0,0,0,0,0,0,0,0,0,1,0,0,0,0
d04c842e07e7a768e1a92d72f4516405_jpg.rf.1c76a31cb1381cd7c24a8eaef65d31b4.jpg,0,0,0,0,0,0,0,0,0,1,0,0,0,0
010_jpg.rf.1fda28a1433f0936f9c36cfdcb4ae175.jpg,0,0,0,0,0,0,0,0,0,1,0,0,0,0
CandySugar-_jpg.rf.2019f01e1106a6c0d33ce4cb8c5f7fd3.jpg,0,0,0,0,0,0,0,0,0,1,0,0,0,0
271319af44f1dae0bb390a0790551dca_jpg.rf.232e6a69da5e804efe1d17762a8c6866.jpg,0,0,0,0,0,0,0,0,0,1,0,0,0,0
download_jpg.rf.28927f5e3079d4249ca9e4427e5c16f5.jpg,0,0,0,0,0,0,0,0,0,1,0,0,0,0
CandySugar-_jpg.rf.345d53089b157ff16ac794942ced6075.jpg,0,0,0,0,0,0,0,0,0,1,0,0,0,0
58cf3ee542f58123255a62957594ab5e_jpg.rf.ab8dc9d59a022ffde9a80a7b58c6a3a4.jpg,0,0,0,0,0,0,0,0,0,1,0,0,0,0
8b924a1461140e4a70837230995c88895706c19c_jpg.rf.b4075b1ada51f577db2f5792b500073f.jpg,0,0,0,0,0,0,0,0,0,1,0,0,0,0
asdfg_jpg.rf.b9806d57456fe4bf98651573f1e7a9e4.jpg,0,0,0,0,0,0,0,0,0,1,0,0,0,0
010_jpg.rf.bf263b46224d28b6d25cbd7ab044653a.jpg,0,0,0,0,0,0,0,0,0,1,0,0,0,0
8b924a1461140e4a70837230995c88895706c19c_jpg.rf.c8398896d757dffb6e80842439a03c7b.jpg,0,0,0,0,0,0,0,0,0,1,0,0,0,0
k_archive_253769fc1de2c7e20bb2a51dba0a492615940f9d_jpg.rf.66a05942cbc63d33858102e3bda9ebf7.jpg,0,0,0,0,0,0,0,0,0,1,0,0,0,0
58cf3ee542f58123255a62957594ab5e_jpg.rf.6e2cb8bacf8f52a411309a76090fab65.jpg,0,0,0,0,0,0,0,0,0,1,0,0,0,0
asdfg_jpg.rf.7b83e35ff92d8e9fce40876c5eec76ca.jpg,0,0,0,0,0,0,0,0,0,1,0,0,0,0
images-1-_jpg.rf.7cd6130191fcc8c6367a96c14e73de80.jpg,0,0,0,0,0,0,0,0,0,1,0,0,0,0
d04c842e07e7a768e1a92d72f4516405_jpg.rf.97f7d0a8cb719aca86e4e84dc180c8e9.jpg,0,0,0,0,0,0,0,0,0,1,0,0,0,0
download_jpg.rf.9a54ef8ba2d85029dc9aae53c8b6d8bb.jpg,0,0,0,0,0,0,0,0,0,1,0,0,0,0
271319af44f1dae0bb390a0790551dca_jpg.rf.a2c11a17c2271a2739db0bf39afc1e46.jpg,0,0,0,0,0,0,0,0,0,1,0,0,0,0
010_jpg.rf.a82e4e915b0b176a76368dd3b60672c3.jpg,0,0,0,0,0,0,0,0,0,1,0,0,0,0
asdfg_jpg.rf.cf6255091081a5c1536f4ced988662fb.jpg,0,0,0,0,0,0,0,0,0,1,0,0,0,0
58cf3ee542f58123255a62957594ab5e_jpg.rf.d05f05e294504315b3f1f6cf438a6708.jpg,0,0,0,0,0,0,0,0,0,1,0,0,0,0
images_jpg.rf.d6c7610218d4c1d5823faafe0419adb1.jpg,0,0,0,0,0,0,0,0,0,1,0,0,0,0
images_jpg.rf.dc81826768434c787a6b852a3a16856f.jpg,0,0,0,0,0,0,0,0,0,1,0,0,0,0
images-1-_jpg.rf.f0400bccb43e400ea66b757fbffa7576.jpg,0,0,0,0,0,0,0,0,0,1,0,0,0,0
images-1-_jpg.rf.3ae5be8bb06d6f9768ac3b225a084107.jpg,0,0,0,0,0,0,0,0,0,1,0,0,0,0
CandySugar-_jpg.rf.3b6a52a1289d85a8b6568425194554ea.jpg,0,0,0,0,0,0,0,0,0,1,0,0,0,0
010_jpg.rf.3d0a0d48dce525a58fd09b6cc7857838.jpg,0,0,0,0,0,0,0,0,0,1,0,0,0,0
download_jpg.rf.5b82f6ca201ac165f45286fc35c9982f.jpg,0,0,0,0,0,0,0,0,0,1,0,0,0,0
8b924a1461140e4a70837230995c88895706c19c_jpg.rf.5c0526d21657cffe8becb92291f1cf2c.jpg,0,0,0,0,0,0,0,0,0,1,0,0,0,0
IMG_7592_jpg.rf.4315c6366ccbeb70f0ea01d404b5f5d3.jpg,0,0,0,0,0,0,1,0,0,0,0,0,0,0
IMG_7594_jpg.rf.482179c179f5daf435f6411c3807717d.jpg,0,0,0,0,0,0,1,0,0,0,0,0,0,0
IMG_7608_jpg.rf.48a1610e44ccff67502fb2a128d10827.jpg,0,0,0,0,0,0,1,0,0,0,0,0,0,0
IMG_7578_jpg.rf.5d950b64883e6906a16bd1f89c683559.jpg,0,0,0,0,0,0,1,0,0,0,0,0,0,0
IMG_7632_jpg.rf.5e3939c170e1b8a9842c2a47cef1ded9.jpg,0,0,0,0,0,0,1,0,0,0,0,0,0,0
IMG_7561_jpg.rf.833b063083cd446680639e0b55a95447.jpg,0,0,0,0,0,0,1,0,0,0,0,0,0,0
IMG_7592_jpg.rf.86419c652eba519d3b33cc307565bc87.jpg,0,0,0,0,0,0,1,0,0,0,0,0,0,0
IMG_8425-1-_JPG.rf.87eaed0632d401469aac1671067d1aec.jpg,0,0,0,0,0,0,1,0,0,0,0,0,0,0
IMG_7602_jpg.rf.9569d9544d308c13cc8c596dfc9d78ac.jpg,0,0,0,0,0,0,1,0,0,0,0,0,0,0
IMG_7632_jpg.rf.97cc6b6ce44954bb78aa22faf3e2872a.jpg,0,0,0,0,0,0,1,0,0,0,0,0,0,0
IMG_7578_jpg.rf.a0bb635a0846192481ad99ea2a792c25.jpg,0,0,0,0,0,0,1,0,0,0,0,0,0,0
IMG_7602_jpg.rf.03f2fca6750cb00d27a6874bb8dfaab7.jpg,0,0,0,0,0,0,1,0,0,0,0,0,0,0
IMG_7587_jpg.rf.1134c0af21cd7b1a24644247caed15ac.jpg,0,0,0,0,0,0,1,0,0,0,0,0,0,0
IMG_8452-1-_JPG.rf.1430de1fe1975a8e20cacecbff7aa443.jpg,0,0,0,0,0,0,1,0,0,0,0,0,0,0
IMG_7592_jpg.rf.18c74b2bdfabcccbfbf978df7bd99eb3.jpg,0,0,0,0,0,0,1,0,0,0,0,0,0,0
IMG_7548_jpg.rf.5f215e1259321ad0fecaf9fe6fe77828.jpg,0,0,0,0,0,0,1,0,0,0,0,0,0,0
IMG_8425-1-_JPG.rf.6514f237a18a1da006fecf842142633e.jpg,0,0,0,0,0,0,1,0,0,0,0,0,0,0
IMG_7632_jpg.rf.65d7c7f8c3a82152f065a7e2f489e4fc.jpg,0,0,0,0,0,0,1,0,0,0,0,0,0,0
IMG_7587_jpg.rf.7651361617855f5e2a021d70c3a7d37d.jpg,0,0,0,0,0,0,1,0,0,0,0,0,0,0
IMG_8452_JPG.rf.7692e256624c39dc79457d02df3ea8d2.jpg,0,0,0,0,0,0,1,0,0,0,0,0,0,0
IMG_7557_jpg.rf.a9c20bedde8cf5a549dc08984e8de024.jpg,0,0,0,0,0,0,1,0,0,0,0,0,0,0
IMG_7594_jpg.rf.acd06f80616f2cd6a93e25a9de816f19.jpg,0,0,0,0,0,0,1,0,0,0,0,0,0,0
IMG_7557_jpg.rf.b1727367ef2834a22544a867d5b8aea7.jpg,0,0,0,0,0,0,1,0,0,0,0,0,0,0
IMG_8452_JPG.rf.241729e9d76ca3c61ba253f1b088e14a.jpg,0,0,0,0,0,0,1,0,0,0,0,0,0,0
IMG_7594_jpg.rf.27df1e19bcde47d1f705e3b17cad35fa.jpg,0,0,0,0,0,0,1,0,0,0,0,0,0,0
IMG_7557_jpg.rf.27fd66882f48dd048e648384fdebf5f8.jpg,0,0,0,0,0,0,1,0,0,0,0,0,0,0
IMG_8452-1-_JPG.rf.2866963d48fab17c3c88f0b36df505cc.jpg,0,0,0,0,0,0,1,0,0,0,0,0,0,0
IMG_7548_jpg.rf.362572743ab1bf3ef03b19e046b0b76e.jpg,0,0,0,0,0,0,1,0,0,0,0,0,0,0
IMG_7602_jpg.rf.37a82e21f3dfc905907a1a1a2f558dde.jpg,0,0,0,0,0,0,1,0,0,0,0,0,0,0
IMG_8452-1-_JPG.rf.c558a268b071bf023ba58a8c9ec61875.jpg,0,0,0,0,0,0,1,0,0,0,0,0,0,0
IMG_8425-1-_JPG.rf.d30b08f589fa638890db3eb16215859c.jpg,0,0,0,0,0,0,1,0,0,0,0,0,0,0
IMG_7608_jpg.rf.d5653012fa46302a611b5debfd0e167b.jpg,0,0,0,0,0,0,1,0,0,0,0,0,0,0
IMG_7561_jpg.rf.da0bfdb247a82648faa898ef1086af79.jpg,0,0,0,0,0,0,1,0,0,0,0,0,0,0
IMG_8452_JPG.rf.e0150290de8913b7fcff6df0cf5ffda4.jpg,0,0,0,0,0,0,1,0,0,0,0,0,0,0
IMG_7578_jpg.rf.e6aa39db9e9e423ee1efa3507192b033.jpg,0,0,0,0,0,0,1,0,0,0,0,0,0,0
IMG_7587_jpg.rf.e87ca805a43946aa250d09c542b89ce5.jpg,0,0,0,0,0,0,1,0,0,0,0,0,0,0
IMG_7548_jpg.rf.f8effa2f6cddfeb2d181654bfb1aef08.jpg,0,0,0,0,0,0,1,0,0,0,0,0,0,0
IMG_7561_jpg.rf.fbdf97184a66f95fc6783b404d059b7d.jpg,0,0,0,0,0,0,1,0,0,0,0,0,0,0
IMG_8489_JPG.rf.4232b4c2ea2202b76f0b6ad969c377c9.jpg,0,0,0,0,0,0,0,0,0,0,0,0,0,0
IMG_7586_jpg.rf.5d31080195c3b2e7900e949be6f83350.jpg,0,0,0,0,0,0,0,0,0,0,0,0,0,0
IMG_7560_jpg.rf.821f712ca1e937592d26e2c2dbeee576.jpg,0,0,0,0,0,0,0,0,0,0,0,0,0,0
IMG_7586_jpg.rf.8721d992d2ab705b633850e2f946d3e6.jpg,0,0,0,0,0,0,0,0,0,0,0,0,0,0
IMG_7603_jpg.rf.019025e53acbe35aab3ff7d01e72f0b3.jpg,0,0,0,0,0,0,0,0,0,0,0,0,0,0
IMG_8488_JPG.rf.04d614b2b1562206bddae6ce0c606123.jpg,0,0,0,0,0,0,0,0,0,0,0,0,0,0
IMG_8488_JPG.rf.05e3dacc7e5c72a1b4d64be98dfd9cb5.jpg,0,0,0,0,0,0,0,0,0,0,0,0,0,0
IMG_7586_jpg.rf.10b86863e04cb175c641fa7d18848e0e.jpg,0,0,0,0,0,0,0,0,0,0,0,0,0,0
IMG_7575_jpg.rf.619f533a16d5cb29bb49555db75493d3.jpg,0,0,0,0,0,0,0,0,0,0,0,0,0,0
IMG_8489_JPG.rf.7a4851519859594950da692b04535a72.jpg,0,0,0,0,0,0,0,0,0,0,0,0,0,0
IMG_7590_jpg.rf.a22b193d8aa43841a51d03fcb6c4bc13.jpg,0,0,0,0,0,0,0,0,0,0,0,0,0,0
IMG_7560_jpg.rf.b0a202562e554043af1c9050b5125e1a.jpg,0,0,0,0,0,0,0,0,0,0,0,0,0,0
IMG_7575_jpg.rf.bc23ddd07eb14829c6a4ccc1ec79fdb4.jpg,0,0,0,0,0,0,0,0,0,0,0,0,0,0
IMG_8489_JPG.rf.2b5afc5de4093b2fb02b643fd5e364cb.jpg,0,0,0,0,0,0,0,0,0,0,0,0,0,0
IMG_7590_jpg.rf.3c6725998cc2ca7276a8f8a4792704bc.jpg,0,0,0,0,0,0,0,0,0,0,0,0,0,0
IMG_7603_jpg.rf.c2fde02bb948593f4f307a7481448385.jpg,0,0,0,0,0,0,0,0,0,0,0,0,0,0
IMG_7575_jpg.rf.ca69d7daa02abb289115d8611a032401.jpg,0,0,0,0,0,0,0,0,0,0,0,0,0,0
IMG_8488_JPG.rf.d1f7607df488b722ddc9a06bf99cd924.jpg,0,0,0,0,0,0,0,0,0,0,0,0,0,0
IMG_7560_jpg.rf.d4da467f0691479cb12c5f73041ce31b.jpg,0,0,0,0,0,0,0,0,0,0,0,0,0,0
IMG_7603_jpg.rf.e10fee06ab0b86457a8bdeff49417526.jpg,0,0,0,0,0,0,0,0,0,0,0,0,0,0
250_jpg.rf.fe2f3fbe0b966a79d494b968bd003824.jpg,0,0,0,1,0,0,0,0,0,0,0,0,0,0
175_jpg.rf.ff8ae645c4284e974f2af607ffd77d7c.jpg,0,0,0,1,0,0,0,0,0,0,0,0,0,0
275_jpg.rf.ffe802fe308355bee4453b3f0dd6efab.jpg,0,0,0,1,0,0,0,0,0,0,0,0,0,0
211_jpg.rf.01c5306714db1f0712a1a2996a85c14a.jpg,0,0,0,1,0,0,0,0,0,0,0,0,0,0
216_jpg.rf.03278a6a1e0d9e1c35b085e271450310.jpg,0,0,0,1,0,0,0,0,0,0,0,0,0,0
328_jpg.rf.039e0342f5655345c478eb64d5c0b083.jpg,0,0,0,1,0,0,0,0,0,0,0,0,0,0
71_jpg.rf.05c4b1cbdf2422d9ebee3fe1841d90f7.jpg,0,0,0,1,0,0,0,0,0,0,0,0,0,0
256_jpg.rf.66e606c5a1f4e8e5df270187506d1163.jpg,0,0,0,1,0,0,0,0,0,0,0,0,0,0
67_jpg.rf.68201a7af84cd21911401bc8647e4cf7.jpg,0,0,0,1,0,0,0,0,0,0,0,0,0,0
428_jpg.rf.686457f5880160a62be5a8e7087e3805.jpg,0,0,0,1,0,0,0,0,0,0,0,0,0,0
10_jpg.rf.69479d0f1b3085ffb28efefb1b224ed4.jpg,0,0,0,1,0,0,0,0,0,0,0,0,0,0
23_jpg.rf.69d327f4899689435fbf427923112fb4.jpg,0,0,0,1,0,0,0,0,0,0,0,0,0,0
80_jpg.rf.6bbf534244acc308204ec6fb5edb1b48.jpg,0,0,0,1,0,0,0,0,0,0,0,0,0,0
275_jpg.rf.6db2518389e93d200ba3d6ebc1a59eb2.jpg,0,0,0,1,0,0,0,0,0,0,0,0,0,0
90_jpg.rf.70855de38bfd72152d14e2a464a3c1a9.jpg,0,0,0,1,0,0,0,0,0,0,0,0,0,0
293_jpg.rf.74a7e33224abd5905bdc580be4c39712.jpg,0,0,0,1,0,0,0,0,0,0,0,0,0,0
18_jpg.rf.79b8984e5ba412f07dcfcd2ed93dc3f9.jpg,0,0,0,1,0,0,0,0,0,0,0,0,0,0
59_jpg.rf.7a90fdd813bfa5204aadd1d6e0706d2a.jpg,0,0,0,1,0,0,0,0,0,0,0,0,0,0
175_jpg.rf.7e08dd314e6656d17cc2ead08a19cec9.jpg,0,0,0,1,0,0,0,0,0,0,0,0,0,0
114_jpg.rf.7ed800fd4f7df0f1b5d2eb38d1704aef.jpg,0,0,0,1,0,0,0,0,0,0,0,0,0,0
216_jpg.rf.7f0db2657a18e6c5f366ec69f39cb8e4.jpg,0,0,0,1,0,0,0,0,0,0,0,0,0,0
13_jpg.rf.7f5aee5c4d04804ffbf87724f0a16208.jpg,0,0,0,1,0,0,0,0,0,0,0,0,0,0
428_jpg.rf.80b4eb0f7ef7d0adf99b8a0e41c6faa9.jpg,0,0,0,1,0,0,0,0,0,0,0,0,0,0
293_jpg.rf.80b6e36eeb7b97c1e61953978544d8ae.jpg,0,0,0,1,0,0,0,0,0,0,0,0,0,0
butter-1449453_1280_jpg.rf.8167286390d425f2ef606fd8ac1a6c28.jpg,0,0,0,1,0,0,0,0,0,0,0,0,0,0
332_jpg.rf.83dd61ca50b639677ef5a2241f8a036f.jpg,0,0,0,1,0,0,0,0,0,0,0,0,0,0
114_jpg.rf.8d4269dafb4a2dd63a307b7d4eb4569e.jpg,0,0,0,1,0,0,0,0,0,0,0,0,0,0
378_jpg.rf.90715b86d09b4053839ba6b6be1f5fe6.jpg,0,0,0,1,0,0,0,0,0,0,0,0,0,0
243_jpg.rf.90992690b4fd035cb15d3c2c3f2f329b.jpg,0,0,0,1,0,0,0,0,0,0,0,0,0,0
38_jpg.rf.948f5d3a60b7f4b1fd2158d50b7f26bc.jpg,0,0,0,1,0,0,0,0,0,0,0,0,0,0
332_jpg.rf.96dc36a08b024cb6bbba3464677c8c84.jpg,0,0,0,1,0,0,0,0,0,0,0,0,0,0
241_jpg.rf.978f636c45046ce6268cb0461e00af2f.jpg,0,0,0,1,0,0,0,0,0,0,0,0,0,0
23_jpg.rf.99d617b901ccba619e64cee2a7e7a2aa.jpg,0,0,0,1,0,0,0,0,0,0,0,0,0,0
234_jpg.rf.9e7bb818d7b1800e873c33f40942258b.jpg,0,0,0,1,0,0,0,0,0,0,0,0,0,0
butter-1449453_1280_jpg.rf.9ee59c6cbb1ada8cdd236debe56cf942.jpg,0,0,0,1,0,0,0,0,0,0,0,0,0,0
80_jpg.rf.a05e4484c13a7b69acc970be70f37eec.jpg,0,0,0,1,0,0,0,0,0,0,0,0,0,0
43_jpg.rf.a59b545f3daa3c034da98318c11eb633.jpg,0,0,0,1,0,0,0,0,0,0,0,0,0,0
260_jpg.rf.a769aa1dfac8112c2caf24db7e266990.jpg,0,0,0,1,0,0,0,0,0,0,0,0,0,0
49_jpg.rf.a8f338686c9d0a6aa7895f3bbfbae5e9.jpg,0,0,0,1,0,0,0,0,0,0,0,0,0,0
71_jpg.rf.aa9345fee3ae934b6467194bd5ec3d42.jpg,0,0,0,1,0,0,0,0,0,0,0,0,0,0
405_jpg.rf.aa958f1a8e8982470d5b892df3ec624c.jpg,0,0,0,1,0,0,0,0,0,0,0,0,0,0
18_jpg.rf.aabf3e90fc2fe7c60999b8ef070ecf6e.jpg,0,0,0,1,0,0,0,0,0,0,0,0,0,0
11_jpg.rf.ab9d86a35913a0c23df177f13e6378e4.jpg,0,0,0,1,0,0,0,0,0,0,0,0,0,0
138_jpg.rf.ab7d77d52d9f6da15db036da4a6294e5.jpg,0,0,0,1,0,0,0,0,0,0,0,0,0,0
167_jpg.rf.aebb3b3f505e481973e7419ad2f76cd1.jpg,0,0,0,1,0,0,0,0,0,0,0,0,0,0
378_jpg.rf.b4cae3b1f8ff0f6d0e807df1df1075e3.jpg,0,0,0,1,0,0,0,0,0,0,0,0,0,0
20_jpg.rf.b6fc12d489df8e150c397003963fc0ad.jpg,0,0,0,1,0,0,0,0,0,0,0,0,0,0
143_jpg.rf.b8a7fa3a959b0dd9c96d0ca3d6b5d710.jpg,0,0,0,1,0,0,0,0,0,0,0,0,0,0
246_jpg.rf.bb58712a9459964befcd3a3be5d69656.jpg,0,0,0,1,0,0,0,0,0,0,0,0,0,0
138_jpg.rf.c006cc80328c908033dbb84d734ee129.jpg,0,0,0,1,0,0,0,0,0,0,0,0,0,0
397_jpg.rf.c26d9aa38a462ea1b24c884ee3f2303f.jpg,0,0,0,1,0,0,0,0,0,0,0,0,0,0
165_jpg.rf.c56eec0898769df0ccd6b267c9831660.jpg,0,0,0,1,0,0,0,0,0,0,0,0,0,0
139_jpg.rf.c5cab599e5b29874ccb79be5a9953132.jpg,0,0,0,1,0,0,0,0,0,0,0,0,0,0
236_jpg.rf.cb49f9a6c288725180d48b9bcf594a2f.jpg,0,0,0,1,0,0,0,0,0,0,0,0,0,0
285_jpg.rf.ccb7e01c86695509ff98926dc7e34dcf.jpg,0,0,0,1,0,0,0,0,0,0,0,0,0,0
1_jpg.rf.cef7b70cd08ba2af3b6a884a86128de9.jpg,0,0,0,1,0,0,0,0,0,0,0,0,0,0
23_jpg.rf.dbe48117fb9348ead98a0c7330efba36.jpg,0,0,0,1,0,0,0,0,0,0,0,0,0,0
280_jpg.rf.dd82234a8c5cbd997e9fd30e75c75930.jpg,0,0,0,1,0,0,0,0,0,0,0,0,0,0
264_jpg.rf.de32a65f780b31f9fe5d844e28460d2f.jpg,0,0,0,1,0,0,0,0,0,0,0,0,0,0
397_jpg.rf.e03f1f8f2435902d5c4861d8b1215ab1.jpg,0,0,0,1,0,0,0,0,0,0,0,0,0,0
358_jpg.rf.e0dddfa7b486ae1d10af5e2d65976981.jpg,0,0,0,1,0,0,0,0,0,0,0,0,0,0
139_jpg.rf.e25dcdb1059ffee04c65bbac3b4dc4b2.jpg,0,0,0,1,0,0,0,0,0,0,0,0,0,0
384_jpg.rf.e42b24e7b7ef43281471e8feaa9e79e9.jpg,0,0,0,1,0,0,0,0,0,0,0,0,0,0
241_jpg.rf.e62ef77cd84228cb5f6173ec71dfb106.jpg,0,0,0,1,0,0,0,0,0,0,0,0,0,0
138_jpg.rf.e69eaf4c71cf11302a6cc495fb50afd7.jpg,0,0,0,1,0,0,0,0,0,0,0,0,0,0
295_jpg.rf.e96047026a3696b7062ef0c76c5400b0.jpg,0,0,0,1,0,0,0,0,0,0,0,0,0,0
327_jpg.rf.ea1380821ff4d70754bc8bfbe3ef62f4.jpg,0,0,0,1,0,0,0,0,0,0,0,0,0,0
184_jpg.rf.ec6d00c44a3d88009361c4d2033c2454.jpg,0,0,0,1,0,0,0,0,0,0,0,0,0,0
236_jpg.rf.ed103f5c6efc5fd3f31915bba616390f.jpg,0,0,0,1,0,0,0,0,0,0,0,0,0,0
410_jpg.rf.375adf309d981793cd218423389ba59c.jpg,0,0,0,1,0,0,0,0,0,0,0,0,0,0
392_jpg.rf.38fa7dd7b184f1a0cf05a4987baeaa56.jpg,0,0,0,1,0,0,0,0,0,0,0,0,0,0
260_jpg.rf.3653b12b02d4e621f449519b42fd0ba4.jpg,0,0,0,1,0,0,0,0,0,0,0,0,0,0
220_jpg.rf.3bcd5905e1c269efac4973230b9ce46f.jpg,0,0,0,1,0,0,0,0,0,0,0,0,0,0
184_jpg.rf.3cd3a46c020ec6e8e5e3fdb1c1d64993.jpg,0,0,0,1,0,0,0,0,0,0,0,0,0,0
125_jpg.rf.3e3ef97808a8ac1b001fc4734462b28d.jpg,0,0,0,1,0,0,0,0,0,0,0,0,0,0
38_jpg.rf.3ea26b44f6b874b4b4276df08b8186f1.jpg,0,0,0,1,0,0,0,0,0,0,0,0,0,0
10_jpg.rf.40cecd482acd8373e793ee9ed2d5fd2d.jpg,0,0,0,1,0,0,0,0,0,0,0,0,0,0
114_jpg.rf.431c6636db438f4a0f5dd4787ca53e1a.jpg,0,0,0,1,0,0,0,0,0,0,0,0,0,0
125_jpg.rf.432dd3513042c28a0fa6a1ec7f671018.jpg,0,0,0,1,0,0,0,0,0,0,0,0,0,0
320_jpg.rf.4429bbff6a9b786e4016c37ee7c20aa3.jpg,0,0,0,1,0,0,0,0,0,0,0,0,0,0
319_jpg.rf.44d435e3547b3a15f60ec3228562e633.jpg,0,0,0,1,0,0,0,0,0,0,0,0,0,0
11_jpg.rf.458dcbd81874c4664e30d620857dc055.jpg,0,0,0,1,0,0,0,0,0,0,0,0,0,0
280_jpg.rf.46ef97bfd9486d93ce4ced93c18aa175.jpg,0,0,0,1,0,0,0,0,0,0,0,0,0,0
59_jpg.rf.492d5fd716b28f4da27f2ecfd483115a.jpg,0,0,0,1,0,0,0,0,0,0,0,0,0,0
59_jpg.rf.4acbec6ff5aa7afa64e2519cb98c4adf.jpg,0,0,0,1,0,0,0,0,0,0,0,0,0,0
100_jpg.rf.4c1956cc99308dc4606d0768fca7ad12.jpg,0,0,0,1,0,0,0,0,0,0,0,0,0,0
18_jpg.rf.4d4447b197c2b558f914b78e1f7fb797.jpg,0,0,0,1,0,0,0,0,0,0,0,0,0,0
246_jpg.rf.5209bd0f281194347790d5e46d69900a.jpg,0,0,0,1,0,0,0,0,0,0,0,0,0,0
320_jpg.rf.53276c822548319b58ff3e66e4b88c3d.jpg,0,0,0,1,0,0,0,0,0,0,0,0,0,0
358_jpg.rf.55260f4f24cabaaf327b5cd38fbe4c16.jpg,0,0,0,1,0,0,0,0,0,0,0,0,0,0
256_jpg.rf.56db4dca794fcac8837611ff95fd20e4.jpg,0,0,0,1,0,0,0,0,0,0,0,0,0,0
10_jpg.rf.5bd9611a7965ab4f7f2fa3770dcc3f14.jpg,0,0,0,1,0,0,0,0,0,0,0,0,0,0
100_jpg.rf.5c9c02e23e33b77dff2d410a985596fd.jpg,0,0,0,1,0,0,0,0,0,0,0,0,0,0
56_jpg.rf.5c6f69ef81377eaf29961b7fb0b15a1e.jpg,0,0,0,1,0,0,0,0,0,0,0,0,0,0
52_jpg.rf.5d0208229240854b3290c82844efcd37.jpg,0,0,0,1,0,0,0,0,0,0,0,0,0,0
165_jpg.rf.5e9f40f178f177e21d486a37b89f440e.jpg,0,0,0,1,0,0,0,0,0,0,0,0,0,0
117_jpg.rf.60cb02f328b90cea99178f167acb16b8.jpg,0,0,0,1,0,0,0,0,0,0,0,0,0,0
327_jpg.rf.62138cdd9f930ed3072adb43277e070f.jpg,0,0,0,1,0,0,0,0,0,0,0,0,0,0
101_jpg.rf.640a85e39d447e86c6ee33754ec12e9a.jpg,0,0,0,1,0,0,0,0,0,0,0,0,0,0
229_jpg.rf.64fb674f0bd356a67a806988bcc78897.jpg,0,0,0,1,0,0,0,0,0,0,0,0,0,0
319_jpg.rf.0b3459066fcd5754db461bb15e63ea13.jpg,0,0,0,1,0,0,0,0,0,0,0,0,0,0
125_jpg.rf.0c6759bed98f87252273abcfc02a1f13.jpg,0,0,0,1,0,0,0,0,0,0,0,0,0,0
229_jpg.rf.0e241d8fd83d90478a144308cfd77654.jpg,0,0,0,1,0,0,0,0,0,0,0,0,0,0
246_jpg.rf.11d24cefd6b6e041b2ae3ebc93ccca09.jpg,0,0,0,1,0,0,0,0,0,0,0,0,0,0
20_jpg.rf.142d9d929f0745d2382987bea3e51eb3.jpg,0,0,0,1,0,0,0,0,0,0,0,0,0,0
117_jpg.rf.147e6ef0706ddfd5610ee22b9f5aabee.jpg,0,0,0,1,0,0,0,0,0,0,0,0,0,0
225_jpg.rf.186892fe367b244cef86d2291c709ec7.jpg,0,0,0,1,0,0,0,0,0,0,0,0,0,0
71_jpg.rf.1d2f8cf510d0b84cf8144b6554a3e2a8.jpg,0,0,0,1,0,0,0,0,0,0,0,0,0,0
72_jpg.rf.1f1b94ae05d98f782f8f20431cc748de.jpg,0,0,0,1,0,0,0,0,0,0,0,0,0,0
417_jpg.rf.20d23f502fd13bec6dd6e78cddff5ad2.jpg,0,0,0,1,0,0,0,1,0,0,0,0,0,0
428_jpg.rf.214903690e1ce662d9c8f0935c7b9683.jpg,0,0,0,1,0,0,0,0,0,0,0,0,0,0
47_jpg.rf.223992d86b4d651bee3885785aeb4481.jpg,0,0,0,1,0,0,0,0,0,0,0,0,0,0
43_jpg.rf.23c511738bb02f991a59dc091875c2af.jpg,0,0,0,1,0,0,0,0,0,0,0,0,0,0
52_jpg.rf.2415f813b1bdd12b580e88ab6986d4cc.jpg,0,0,0,1,0,0,0,0,0,0,0,0,0,0
72_jpg.rf.2a121a48ad6a46854d14de7597c08c8e.jpg,0,0,0,1,0,0,0,0,0,0,0,0,0,0
118_jpg.rf.2d1a09c132a888dac23a361e48078937.jpg,0,0,0,1,0,0,0,0,0,0,0,0,0,0
182_jpg.rf.2e8418e4792eb059eef4d1a23b597975.jpg,0,0,0,1,0,0,0,0,0,0,0,0,0,0
327_jpg.rf.31222f574a7bd69cd9213b5a1aa053de.jpg,0,0,0,1,0,0,0,0,0,0,0,0,0,0
143_jpg.rf.3523e0147790c7e2956389cde66c9396.jpg,0,0,0,1,0,0,0,0,0,0,0,0,0,0
221_jpg.rf.efd9d6be86339f50129983e699e9583a.jpg,0,0,0,0,0,0,0,1,0,0,0,0,0,0
371_jpg.rf.f09ae8dba13e66e872fc582fdc7a6bfa.jpg,0,0,0,0,0,0,0,1,0,0,0,0,0,0
142_jpg.rf.f60a6e485426b07ab1e1ea0272ce426e.jpg,0,0,0,0,0,0,0,1,0,0,0,0,0,0
169_jpg.rf.f9f66462a10e91acce306221835e1286.jpg,0,0,0,0,0,0,0,1,0,0,0,0,0,0
178_jpg.rf.0047cc5d1e4f802d8d13a5ceb46e2e95.jpg,0,0,0,0,0,0,0,1,0,0,0,0,0,0
371_jpg.rf.02af4aa587a168b3c701b3463cd4d948.jpg,0,0,0,0,0,0,0,1,0,0,0,0,0,0
223_jpg.rf.6e4fc0d60a6bf31f7e05507700f9b224.jpg,0,0,0,0,0,0,0,1,0,0,0,0,0,0
141_jpg.rf.7b2875ea8a25dee865bbbcc428e09bd0.jpg,0,0,0,0,0,0,0,1,0,0,0,0,0,0
141_jpg.rf.7c6db6b11f185859ff6bf112463b6e8d.jpg,0,0,0,0,0,0,0,1,0,0,0,0,0,0
162_jpg.rf.89b5136393a41ad1f420f31f212726fa.jpg,0,0,0,0,0,0,0,1,0,0,0,0,0,0
227_jpg.rf.99026e4071a102fcaaa09a1c3c51113a.jpg,0,0,0,0,0,0,0,1,0,0,0,0,0,0
44_jpg.rf.9f75fcc3327270a6e66407a1a93caf70.jpg,0,0,0,0,0,0,0,1,0,0,0,0,0,0
380_jpg.rf.a026ab4ac6f7b7872865e711ffb43f8d.jpg,0,0,0,0,0,0,0,1,0,0,0,0,0,0
300_jpg.rf.a1cdb3adb4a33c76750aff457e8d2f25.jpg,0,0,0,0,0,0,0,1,0,0,0,0,0,0
316_jpg.rf.a2d83afdf8f85901d5bb8611e30d1d66.jpg,0,0,0,0,0,0,0,1,0,0,0,0,0,0
76_jpg.rf.a414b5a1d79eb1c7136a88d5bf9be56d.jpg,0,0,0,0,0,0,0,1,0,0,0,0,0,0
265_jpg.rf.b0a9e4bf72454f01e2a4f3e80fc4eb50.jpg,0,0,0,0,0,0,0,1,0,0,0,0,0,0
126_jpg.rf.b1fd5e3456d568cb4fcc98f0d8125d3b.jpg,0,0,0,0,0,0,0,1,0,0,0,0,0,0
380_jpg.rf.b3baf25de5fefd87fc1127fef6d85f7f.jpg,0,0,0,0,0,0,0,1,0,0,0,0,0,0
19_jpg.rf.b665ecebe79a43e66308d985d52de679.jpg,0,0,0,0,0,0,0,1,0,0,0,0,0,0
204_jpg.rf.bc74953c635fa362d0228416f1c17418.jpg,0,0,0,0,0,0,0,1,0,0,0,0,0,0
19_jpg.rf.c36e67a6683f858f830927999120b934.jpg,0,0,0,0,0,0,0,1,0,0,0,0,0,0
302_jpg.rf.c216f9b41a3de2245f1b5a4a377b23c7.jpg,0,0,0,0,0,0,0,1,0,0,0,0,0,0
316_jpg.rf.c7ee1db596c82a5ffa88c8a11dc6004f.jpg,0,0,0,0,0,0,0,1,0,0,0,0,0,0
221_jpg.rf.ca7f13635c15e2c94dae242486fb4f59.jpg,0,0,0,0,0,0,0,1,0,0,0,0,0,0
311_jpg.rf.cd8634f2bd5f60cac13c96c2779719bf.jpg,0,0,0,0,0,0,0,1,0,0,0,0,0,0
123_jpg.rf.d0dc53ce41db09094843d9fc74e9ca96.jpg,0,0,0,0,0,0,0,1,0,0,0,0,0,0
169_jpg.rf.e7f18ea77cbb7d8f75b71c6b9a5ce312.jpg,0,0,0,0,0,0,0,1,0,0,0,0,0,0
226_jpg.rf.ecf09a1e05f55ceae4f839a049e59c34.jpg,0,0,0,0,0,0,0,1,0,0,0,0,0,0
96_jpg.rf.3c990c9929fff06c212dd8621d492e92.jpg,0,0,0,0,0,0,0,1,0,0,0,0,0,0
45_jpg.rf.3cd25b7ec8aee7fdf55bc5966abc82ff.jpg,0,0,0,0,0,0,0,1,0,0,0,0,0,0
226_jpg.rf.43c12a2cec0e24490fdd4781836188e5.jpg,0,0,0,0,0,0,0,1,0,0,0,0,0,0
44_jpg.rf.48357a99fca38ac84c7e59f02ef3c84a.jpg,0,0,0,0,0,0,0,1,0,0,0,0,0,0
316_jpg.rf.4c1cd09e86f4720923b5173a8cbb826d.jpg,0,0,0,0,0,0,0,1,0,0,0,0,0,0
45_jpg.rf.4cb40918d11645c05b3653fc23e8b3fa.jpg,0,0,0,0,0,0,0,1,0,0,0,0,0,0
226_jpg.rf.500f7722524461b6dc2217ec500d9b5b.jpg,0,0,0,0,0,0,0,1,0,0,0,0,0,0
14_jpg.rf.51bd446a47867e520d7510c8fb25b92d.jpg,0,0,0,0,0,0,0,1,0,0,0,0,0,0
302_jpg.rf.563a5fe907f3ca7e795b2714e701383b.jpg,0,0,0,0,0,0,0,1,0,0,0,0,0,0
298_jpg.rf.57e19a6bb3a90edf5571cc6fda2fb584.jpg,0,0,0,0,0,0,0,1,0,0,0,0,0,0
237_jpg.rf.60fc4a23d914ad20bf6ba64861138fd9.jpg,0,0,0,0,0,0,0,1,0,0,0,0,0,0
45_jpg.rf.61a2b46644aad5d695c479f14c5bfb11.jpg,0,0,0,0,0,0,0,1,0,0,0,0,0,0
162_jpg.rf.62dc29923ee5631f18cd402640f1cf4f.jpg,0,0,0,0,0,0,0,1,0,0,0,0,0,0
76_jpg.rf.651eef3f742f15c7c6f2470eda0b0f5a.jpg,0,0,0,0,0,0,0,1,0,0,0,0,0,0
178_jpg.rf.09a5ffe70671278fd7c42c662e5e8dad.jpg,0,0,0,0,0,0,0,1,0,0,0,0,0,0
221_jpg.rf.0b80086607eeaaa17e1dbdbb0d0c9cd0.jpg,0,0,0,0,0,0,0,1,0,0,0,0,0,0
344_jpg.rf.11b60a6d91e5780c65bb4b9887c4bbb3.jpg,0,0,0,0,0,0,0,1,0,0,0,0,0,0
380_jpg.rf.132ea4f9c274eb36e8bf3159644cccf6.jpg,0,0,0,0,0,0,0,1,0,0,0,0,0,0
311_jpg.rf.138b68708b53c295c471e574429db7e1.jpg,0,0,0,0,0,0,0,1,0,0,0,0,0,0
302_jpg.rf.158eb0950aae42480e2477f8e120ed31.jpg,0,0,0,0,0,0,0,1,0,0,0,0,0,0
44_jpg.rf.165045a53973bb99ea23b644c2361c01.jpg,0,0,0,0,0,0,0,1,0,0,0,0,0,0
19_jpg.rf.18c49f056a95cb18cfd29978037f07ae.jpg,0,0,0,0,0,0,0,1,0,0,0,0,0,0
371_jpg.rf.19c8eec8a62f04bbda55211261050488.jpg,0,0,0,0,0,0,0,1,0,0,0,0,0,0
141_jpg.rf.203f061335cc605e8265095a5858385f.jpg,0,0,0,0,0,0,0,1,0,0,0,0,0,0
126_jpg.rf.2125e5419a7b88e831cbe1ba1d1c7ce1.jpg,0,0,0,0,0,0,0,1,0,0,0,0,0,0
337_jpg.rf.3237e3bdbb9be9f6108b37d6ecfe1f89.jpg,0,0,0,0,0,0,0,1,0,0,0,0,0,0
14_jpg.rf.340c7a9a6e1dd52f26df5a12cf1cf1e1.jpg,0,0,0,0,0,0,0,1,0,0,0,0,0,0
169_jpg.rf.35c2e89e63c726d8f006b7cd3e3cc96b.jpg,0,0,0,0,0,0,0,1,0,0,0,0,0,0
126_jpg.rf.35b94a8fb1f47b84614452e5650bdabd.jpg,0,0,0,0,0,0,0,1,0,0,0,0,0,0
